SALE TYPE,SOLD DATE,PROPERTY TYPE,ADDRESS,CITY,STATE OR PROVINCE,ZIP OR POSTAL CODE,PRICE,BEDS,BATHS,LOCATION,SQUARE FEET,LOT SIZE,YEAR BUILT,DAYS ON MARKET,$/SQUARE FEET,HOA/MONTH,STATUS,NEXT OPEN HOUSE START TIME,NEXT OPEN HOUSE END TIME,URL (SEE http://www.redfin.com/buy-a-home/comparative-market-analysis FOR INFO ON PRICING),SOURCE,MLS#,FAVORITE,INTERESTED,LATITUDE,LONGITUDE
MLS Listing,,Single Family Residential,1740 Stone Hollow Ct,Hermitage,TN,37076,259900,3,2.5,Hermitage,1392,6534,2001,1,187,20,Active,June-23-2019 02:00 PM,June-23-2019 04:00 PM,http://www.redfin.com/TN/Hermitage/1740-Stone-Hollow-Ct-37076/home/68848267,REALTRACS,2052271,N,Y,36.2186236,-86.5927248
MLS Listing,,Single Family Residential,5040 English Village Dr,Nashville,TN,37211,295000,3,2.5,Nashville,1632,6534,1985,6,181,2,Active,,,http://www.redfin.com/TN/Nashville/5040-English-Village-Dr-37211/home/68858832,REALTRACS,2050805,N,Y,36.04505,-86.7328163
MLS Listing,,Single Family Residential,1217 Wexford Downs Ln,Nashville,TN,37211,408000,4,3,Nashville,3096,10018,2001,8,132,43,Active,,,http://www.redfin.com/TN/Nashville/1217-Wexford-Downs-Ln-37211/home/108014096,REALTRACS,2050076,N,Y,36.0199536,-86.7403605
MLS Listing,,Single Family Residential,214 Scotland Pl,Nashville,TN,37205,1475000,4,3.5,Nashville,3600,19166,1940,12,410,,Active,,,http://www.redfin.com/TN/Nashville/214-Scotland-Pl-37205/home/60763207,REALTRACS,2049084,N,Y,36.1052857,-86.8607553
MLS Listing,,Single Family Residential,101 Holt Br,Nashville,TN,37211,465000,4,2.5,Nashville,3428,10018,1997,14,136,35,Active,,,http://www.redfin.com/TN/Nashville/101-Holt-Branch-Ct-37211/home/87807827,REALTRACS,2047847,N,Y,36.0113263,-86.7228735
MLS Listing,,Single Family Residential,110 Cedar Place Bnd,Nashville,TN,37221,335000,3,2.5,Nashville,2133,6534,2015,18,157,,Active,,,http://www.redfin.com/TN/Nashville/110-Cedar-Pl-Bnd-37221/unit-22/home/60721793,REALTRACS,2046782,N,Y,36.1032974,-86.9315068
MLS Listing,,Condo/Co-op,4487 Post Pl Apt 163,Nashville,TN,37205,289000,2,2,Nashville,1514,,1975,19,191,320,Active,,,http://www.redfin.com/TN/Nashville/4487-Post-Pl-37205/unit-163/home/79427333,REALTRACS,2046094,N,Y,36.1311306,-86.8513167
MLS Listing,,Single Family Residential,293 Cathy Jo Dr,Nashville,TN,37211,339500,4,2,Nashville,2184,11761,1965,21,155,,Active,,,http://www.redfin.com/TN/Nashville/293-Cathy-Jo-Dr-37211/home/60745804,REALTRACS,2045332,N,Y,36.0903342,-86.7222447
MLS Listing,,Condo/Co-op,900 19Th Ave Apt 1006,Nashville,TN,37212,309000,2,2,Nashville,1100,,1986,27,281,561,Active,,,http://www.redfin.com/TN/Nashville/900-19th-Ave-S-37212/unit-1006/home/108028777,REALTRACS,2043588,N,Y,36.1480778,-86.7957532
MLS Listing,,Townhouse,217 Fairmont Ct,Nashville,TN,37203,339900,3,2.5,Nashville,1691,,1985,33,201,137,Active,,,http://www.redfin.com/TN/Nashville/217-Fairmont-Ct-37203/unit-217/home/147951840,REALTRACS,2041933,N,Y,36.141331,-86.82098
MLS Listing,,Single Family Residential,2229 Seven Points Cir,Hermitage,TN,37076,443500,4,3,Hermitage,3079,14810,2006,35,144,17,Active,,,http://www.redfin.com/TN/Hermitage/2229-Seven-Points-Cir-37076/home/108017300,REALTRACS,2040957,N,Y,36.1483439,-86.5738862
MLS Listing,,Single Family Residential,1317 Fishers Meadows Cv,Hermitage,TN,37076,384900,3,2.5,Hermitage,2627,14374,2001,46,147,18,Active,,,http://www.redfin.com/TN/Hermitage/1317-Fishers-Meadows-Cv-37076/home/108136071,REALTRACS,2037358,N,Y,36.1484448,-86.5769587
MLS Listing,,Single Family Residential,1235A Battlefield Dr,Nashville,TN,37215,969000,4,3.5,Nashville,4000,9583,2008,61,242,,Active,,,http://www.redfin.com/TN/Nashville/1235A-Battlefield-Dr-37215/home/162710225,REALTRACS,2032174,N,Y,36.114996,-86.79658
MLS Listing,,Single Family Residential,623 Ronnie Rd,Madison,TN,37115,389900,4,3,Madison,2492,63597,1960,61,156,,Active,,,http://www.redfin.com/TN/Madison/623-Ronnie-Rd-37115/home/108078020,REALTRACS,2032078,N,Y,36.271509,-86.7260936
MLS Listing,,Single Family Residential,1604 Norvel Ave,Nashville,TN,37216,364900,4,2,Nashville,1730,9583,1948,64,211,,Active,,,http://www.redfin.com/TN/Nashville/1604-Norvel-Ave-37216/home/68861323,REALTRACS,2030816,N,Y,36.2115068,-86.7187858
MLS Listing,,Condo/Co-op,1205 Paris Ave Apt 201,Nashville,TN,37212,468500,2,2,Nashville,1147,,2009,69,408,206,Active,,,http://www.redfin.com/TN/Nashville/1205-Paris-Ave-37212/unit-201/home/68710167,REALTRACS,2029299,N,Y,36.1216105,-86.7908738
MLS Listing,,Single Family Residential,500 Radnor St,Nashville,TN,37211,399000,4,3,Nashville,1821,8712,1935,131,219,,Active,,,http://www.redfin.com/TN/Nashville/500-Radnor-St-37211/home/68834784,REALTRACS,2010114,N,Y,36.1054426,-86.7448249
Redfin Data,,Single Family Residential,2913 Katonka Ct,Antioch,TN,37013,339000,5,3.5,Antioch,3608,13939,2006,2,94,30,Pre On-Market,,,http://www.redfin.com/TN/Antioch/2913-Katonka-Ct-37013/home/107981287,Coming Soon,37056,N,Y,36.0201894,-86.6576553
Redfin Data,,Single Family Residential,411 Northwind Ct,Goodlettsville,TN,37072,379900,4,2.5,Goodlettsville,3522,59677,1981,12,108,,Pre On-Market,,,http://www.redfin.com/TN/Goodlettsville/411-Northwind-Ct-37072/home/86132156,Coming Soon,36081,N,Y,36.288888,-86.7358027
MLS Listing,,Single Family Residential,113 Jay St,Nashville,TN,37210,200000,2,1,Nashville,784,7840,1920,1,255,,Active,,,http://www.redfin.com/TN/Nashville/113-Jay-St-37210/home/87816288,REALTRACS,2052629,N,Y,36.1189111,-86.7422071
MLS Listing,,Single Family Residential,317 Schoolhouse Ct,Antioch,TN,37013,210000,3,2.5,Antioch,1854,5227,2007,1,113,,Active,,,http://www.redfin.com/TN/Antioch/317-School-House-Ct-37013/home/108137994,REALTRACS,2052628,N,Y,36.0630234,-86.6034026
MLS Listing,,Townhouse,1839 Isabelle Ln,Antioch,TN,37013,187500,2,2.5,Antioch,1378,,2008,1,136,79,Active,,,http://www.redfin.com/TN/Antioch/1839-Isabelle-Ln-37013/unit-116/home/108108329,REALTRACS,2052618,N,Y,36.0420622,-86.6297361
MLS Listing,,Townhouse,2418 Anson Ln,Nashville,TN,37211,254900,2,3,Nashville,1785,,2008,1,143,118,Active,,,http://www.redfin.com/TN/Nashville/2418-Anson-Ln-37211/home/88870282,REALTRACS,2052611,N,Y,36.0195147,-86.7023369
MLS Listing,,Condo/Co-op,2025 Woodmont Blvd Apt 229,Nashville,TN,37215,235000,2,1,Nashville,941,,1995,1,250,450,Active,,,http://www.redfin.com/TN/Nashville/2025-Woodmont-Blvd-37215/unit-229/home/79024636,REALTRACS,2052556,N,Y,36.1126315,-86.809826
MLS Listing,,Single Family Residential,606 Bixler Ave,Madison,TN,37115,179900,2,1,Madison,865,9583,1961,1,208,,Active,,,http://www.redfin.com/TN/Madison/606-Bixler-Ave-37115/home/108117913,REALTRACS,2052608,N,Y,36.267898,-86.7045009
MLS Listing,,Single Family Residential,535 Edwin St,Nashville,TN,37207,235000,2,1,Nashville,900,9147,1948,1,261,,Active,,,http://www.redfin.com/TN/Nashville/535-Edwin-St-37207/home/88619223,REALTRACS,2052599,N,Y,36.2039556,-86.7541885
MLS Listing,,Single Family Residential,521 Radnor St,Nashville,TN,37211,275000,2,1,Nashville,952,8712,1945,1,289,,Active,June-23-2019 02:00 PM,June-23-2019 04:00 PM,http://www.redfin.com/TN/Nashville/521-Radnor-St-37211/home/60723106,REALTRACS,2052598,N,Y,36.1051639,-86.7466464
MLS Listing,,Single Family Residential,2688 Miami Ave,Nashville,TN,37214,499900,4,3.5,Nashville,2357,5662,2019,1,212,,Active,,,http://www.redfin.com/TN/Nashville/2688-Miami-Ave-37214/home/108066238,REALTRACS,2052597,N,Y,36.2433278,-86.7048054
MLS Listing,,Single Family Residential,7277 Autumn Crossing Way,Brentwood,TN,37027,369900,3,2.5,Brentwood,2365,7840,2005,1,156,22,Active,,,http://www.redfin.com/TN/Brentwood/7277-Autumn-Crossing-Way-37027/home/107982296,REALTRACS,2052596,N,Y,36.004218,-86.691817
MLS Listing,,Single Family Residential,315 S 11Th St,Nashville,TN,37206,759900,3,3.5,Nashville,2565,7405,1910,1,296,,Active,,,http://www.redfin.com/TN/Nashville/315-S-11th-St-37206/home/60826110,REALTRACS,2052587,N,Y,36.1727533,-86.7502997
MLS Listing,,Single Family Residential,4007 Estes Rd,Nashville,TN,37215,1350000,5,3.5,Nashville,6195,30056,1935,1,218,,Active,,,http://www.redfin.com/TN/Nashville/4007-Estes-Rd-37215/home/107974158,REALTRACS,2052586,N,Y,36.1065507,-86.8383681
MLS Listing,,Single Family Residential,709 Saddle Trail Ct,Hermitage,TN,37076,319900,4,4,Hermitage,2676,15245,1988,1,120,,Active,,,http://www.redfin.com/TN/Hermitage/709-Saddle-Trail-Ct-37076/home/108006067,REALTRACS,2052570,N,Y,36.1927726,-86.6010625
MLS Listing,,Single Family Residential,2756 Windemere Dr,Nashville,TN,37214,444900,3,2,Nashville,2222,64468,1960,1,200,,Active,,,http://www.redfin.com/TN/Nashville/2756-Windemere-Dr-37214/home/107996866,REALTRACS,2052543,N,Y,36.1829505,-86.6831215
MLS Listing,,Single Family Residential,1202 Bubbling Well Rd,Madison,TN,37115,185000,3,2,Madison,1470,4791,2007,1,126,,Active,,,http://www.redfin.com/TN/Madison/1202-Bubbling-Well-Rd-37115/home/87809166,REALTRACS,2052033,N,Y,36.2605246,-86.68143
MLS Listing,,Single Family Residential,8956 Macauley Ln,Nolensville,TN,37135,454900,4,2,Nolensville,2656,10018,2007,1,171,68,Active,,,http://www.redfin.com/TN/Nolensville/8956-Macauley-Ln-37135/home/64152346,REALTRACS,2051970,N,Y,35.987616,-86.672512
MLS Listing,,Townhouse,2515 River Trail Dr,Hermitage,TN,37076,236500,2,2.5,Hermitage,1216,,2014,1,194,115,Active,,,http://www.redfin.com/TN/Hermitage/2515-River-Trail-Dr-37076/unit-4D/home/60668615,REALTRACS,2051964,N,Y,36.1661632,-86.6216312
MLS Listing,,Single Family Residential,8260 Tapoco Ln,Brentwood,TN,37027,349900,3,2.5,Brentwood,2610,8712,2010,1,134,17,Active,June-22-2019 02:00 PM,June-22-2019 04:00 PM,http://www.redfin.com/TN/Brentwood/8260-Tapoco-Ln-37027/home/108029342,REALTRACS,2048185,N,Y,36.008656,-86.689867
MLS Listing,,Single Family Residential,6024 Jocelyn Hollow Rd,Nashville,TN,37205,875000,3,2,Nashville,3832,72309,1961,1,228,,Active,,,http://www.redfin.com/TN/Nashville/6024-Jocelyn-Hollow-Rd-37205/home/87816067,REALTRACS,2046379,N,Y,36.1134147,-86.8721558
MLS Listing,,Single Family Residential,4504 Stoneview Dr,Antioch,TN,37013,210000,0,,Antioch,1175,6534,1993,1,179,,Active,,,http://www.redfin.com/TN/Antioch/4504-Stoneview-Dr-37013/home/108133835,REALTRACS,2052580,N,Y,36.0386879,-86.5802699
MLS Listing,,Single Family Residential,1025B Seymour Ave,Nashville,TN,37206,269900,2,1,Nashville,833,13068,1953,1,324,,Active,,,http://www.redfin.com/TN/Nashville/1025-Seymour-Ave-37206/unit-A/home/107985618,REALTRACS,2052572,N,Y,36.186202,-86.750112
MLS Listing,,Single Family Residential,1025A Seymour Ave,Nashville,TN,37206,269900,2,1,Nashville,833,13068,1953,1,324,,Active,,,http://www.redfin.com/TN/Nashville/1025A-Seymour-Ave-37206/home/167108434,REALTRACS,2052565,N,Y,36.1862021,-86.7501115
MLS Listing,,Single Family Residential,5127 Preserve Blvd,Antioch,TN,37013,279899,3,2.5,Antioch,1771,6534,2011,1,158,40,Active,,,http://www.redfin.com/TN/Antioch/5127-Preserve-Blvd-37013/home/68854469,REALTRACS,2052551,N,Y,36.0327704,-86.6186871
MLS Listing,,Single Family Residential,1302 Ardee Ave,Nashville,TN,37216,499000,3,3,Nashville,1900,6969,1944,1,263,,Active,June-23-2019 02:00 PM,June-23-2019 04:00 PM,http://www.redfin.com/TN/Nashville/1302-Ardee-Ave-37216/home/101644053,REALTRACS,2052537,N,Y,36.2153019,-86.719756
MLS Listing,,Condo/Co-op,110 31St Ave Apt 605,Nashville,TN,37203,725000,2,2,Nashville,2039,,2009,1,356,250,Active,,,http://www.redfin.com/TN/Nashville/110-31st-Ave-N-37203/unit-605/home/68718151,REALTRACS,2052530,N,Y,36.143439,-86.8155566
MLS Listing,,Single Family Residential,7016 Poplar Creek Trce,Nashville,TN,37221,339000,3,2.5,Nashville,2244,10018,1988,1,151,17,Active,June-23-2019 02:00 PM,June-23-2019 04:00 PM,http://www.redfin.com/TN/Nashville/7016-Poplar-Creek-Trce-37221/home/108013645,REALTRACS,2052524,N,Y,36.0502174,-86.9540188
MLS Listing,,Townhouse,1204 7th Ave,Nashville,TN,37208,769900,2,3,Nashville,1924,,2018,1,400,217,Active,,,http://www.redfin.com/TN/Nashville/1204-7th-Ave-N-37208/home/148400597,REALTRACS,2052521,N,Y,36.174527,-86.7902919
MLS Listing,,Condo/Co-op,20 Rutledge St #207,Nashville,TN,37210,1299900,3,3.5,Nashville,2502,,2018,1,520,1010,Active,,,http://www.redfin.com/TN/Nashville/20-Rutledge-St-37210/unit-207/home/108496421,REALTRACS,2052516,N,Y,36.1563236,-86.7698267
MLS Listing,,Condo/Co-op,20 Rutledge St #206,Nashville,TN,37210,849900,2,3,Nashville,1776,,2018,1,479,719,Active,,,http://www.redfin.com/TN/Nashville/20-Rutledge-St-37210/unit-206/home/163580100,REALTRACS,2052515,N,Y,36.1563236,-86.7698267
MLS Listing,,Condo/Co-op,20 Rutledge St #110,Nashville,TN,37210,849900,2,2.5,Nashville,1756,,2018,1,484,666,Active,,,http://www.redfin.com/TN/Nashville/20-Rutledge-St-37210/unit-110/home/108496422,REALTRACS,2052514,N,Y,36.1563236,-86.7698267
MLS Listing,,Condo/Co-op,20 Rutledge St #109,Nashville,TN,37210,759900,2,2.5,Nashville,1687,,2018,1,450,682,Active,,,http://www.redfin.com/TN/Nashville/20-Rutledge-St-37210/unit-109/home/147948666,REALTRACS,2052513,N,Y,36.1563236,-86.7698267
MLS Listing,,Condo/Co-op,20 Rutledge St #106,Nashville,TN,37210,799900,2,3,Nashville,1776,,2018,1,450,719,Active,,,http://www.redfin.com/TN/Nashville/20-Rutledge-St-37210/unit-106/home/163577540,REALTRACS,2052512,N,Y,36.1563236,-86.7698267
MLS Listing,,Single Family Residential,563 Elysian Fields Rd,Nashville,TN,37211,245000,3,1,Nashville,1150,10018,1962,1,213,,Active,,,http://www.redfin.com/TN/Nashville/563-Elysian-Fields-Rd-37211/home/108038826,REALTRACS,2052511,N,Y,36.0845201,-86.7485236
MLS Listing,,Townhouse,2120 Lebanon Pike #68,Nashville,TN,37210,205000,2,2,Nashville,1330,,2004,1,154,95,Active,,,http://www.redfin.com/TN/Nashville/2120-Lebanon-Pike-37210/unit-68/home/108016618,REALTRACS,2052497,N,Y,36.1644076,-86.705582
MLS Listing,,Condo/Co-op,555 CHURCH St Apt 2304,NASHVILLE,TN,37219,567000,2,2,NASHVILLE,1398,,1998,1,406,656,Active,,,http://www.redfin.com/TN/Nashville/555-Church-St-37219/unit-2304/home/108058802,REALTRACS,2052495,N,Y,36.1623395,-86.7810228
MLS Listing,,Single Family Residential,952 Mansfield Ave,Nashville,TN,37206,620000,4,3,Nashville,2890,8276,1924,1,215,,Active,,,http://www.redfin.com/TN/Nashville/952-Mansfield-St-37206/home/108075303,REALTRACS,2052493,N,Y,36.1814945,-86.753641
MLS Listing,,Vacant Land,324 Harrison St,Nashville,TN,37211,349900,,,Nashville,,7405,,1,,,Active,,,http://www.redfin.com/TN/Nashville/324-Harrison-St-37211/home/167107597,REALTRACS,2052472,N,Y,36.0987511,-86.7385139
MLS Listing,,Single Family Residential,830 Rose Park Dr,Nashville,TN,37206,225000,3,1,Nashville,1025,11325,1965,1,220,,Active,,,http://www.redfin.com/TN/Nashville/830-Rose-Park-Dr-37206/home/108033758,REALTRACS,2050086,N,Y,36.1873068,-86.7074196
MLS Listing,,Single Family Residential,2800 Torbett St,Nashville,TN,37209,210000,3,1.5,Nashville,1204,5227,1920,1,174,,Active,,,http://www.redfin.com/TN/Nashville/2800-Torbett-St-37209/home/108067322,REALTRACS,2052445,N,Y,36.1580997,-86.8187588
MLS Listing,,Vacant Land,6220 Lake Rd,Joelton,TN,37080,69900,,,Joelton,,3049,,1,,,Active,,,http://www.redfin.com/TN/Joelton/6220-Lake-Rd-37080/home/60885431,REALTRACS,2052430,N,Y,36.303693,-86.921152
MLS Listing,,Condo/Co-op,514 Southgate Ave Lot 10,Nashville,TN,37203,225500,1,1,Nashville,716,,2018,1,315,158,Active,,,http://www.redfin.com/TN/Nashville/514-Southgate-Ave-37203/unit-10/home/167107307,REALTRACS,2052432,N,Y,36.13611,-86.766756
MLS Listing,,Single Family Residential,4917 Kilimanjaro Dr,Hermitage,TN,37076,240000,3,2,Hermitage,1476,11761,1977,1,163,,Active,,,http://www.redfin.com/TN/Hermitage/4917-Kilimanjaro-DR-37076/home/167107241,REALTRACS,2052428,N,Y,36.17066831,-86.6171875
MLS Listing,,Condo/Co-op,1402 Pillow St #404,Nashville,TN,37203,299900,1,1,Nashville,784,,2019,1,383,97,Active,,,http://www.redfin.com/TN/Nashville/1402-Pillow-St-37203/unit-404/home/167107240,REALTRACS,2052427,N,Y,36.1390826,-86.7664707
MLS Listing,,Single Family Residential,322 Harrison St,Nashville,TN,37211,349900,3,1,Nashville,1326,7405,1911,1,264,,Active,,,http://www.redfin.com/TN/Nashville/322-Harrison-St-37211/home/107987292,REALTRACS,2052426,N,Y,36.0987458,-86.7383174
MLS Listing,,Condo/Co-op,1402 Pillow St #307,Nashville,TN,37203,334900,2,2,Nashville,951,,2019,1,352,118,Active,,,http://www.redfin.com/TN/Nashville/1402-Pillow-St-37203/unit-307/home/167107197,REALTRACS,2052425,N,Y,36.1390826,-86.7664707
MLS Listing,,Single Family Residential,1536 Mohawk Trl,Madison,TN,37115,187000,3,2,Madison,1175,6969,1999,1,159,,Active,,,http://www.redfin.com/TN/Madison/1536-Mohawk-Trl-37115/home/103701977,REALTRACS,2052418,N,Y,36.2322134,-86.6557544
MLS Listing,,Condo/Co-op,1402 Pillow St #303,Nashville,TN,37203,299900,1,1,Nashville,922,,2019,1,325,111,Active,,,http://www.redfin.com/TN/Nashville/1402-Pillow-St-37203/unit-303/home/167107123,REALTRACS,2052411,N,Y,36.1390826,-86.7664707
MLS Listing,,Townhouse,514 Southgate Ave Lot 21,Nashville,TN,37203,485900,3,3.5,Nashville,1824,,2018,1,266,160,Active,,,http://www.redfin.com/TN/Nashville/514-Southgate-Ave-37203/unit-21/home/167107120,REALTRACS,2052407,N,Y,36.13611,-86.766756
MLS Listing,,Vacant Land,4122 New Highway 96,Franklin,TN,37064,189900,,,Franklin,,217800,,1,,,Active,,,http://www.redfin.com/TN/Franklin/4122-New-Highway-96-W-37064/home/167106923,REALTRACS,2052389,N,Y,35.9975384,-87.0132643
MLS Listing,,Single Family Residential,444 Highpoint Ter,Brentwood,TN,37027,479900,4,3,Brentwood,3180,5227,2016,1,151,100,Active,,,http://www.redfin.com/TN/Brentwood/444-High-Point-Ter-37027/home/108103648,REALTRACS,2052381,N,Y,36.0036241,-86.694908
MLS Listing,,Single Family Residential,8233 Luree Ln,Hermitage,TN,37076,179900,3,1.5,Hermitage,2044,12632,1963,1,88,,Active,,,http://www.redfin.com/TN/Hermitage/8233-Luree-Ln-37076/home/87825993,REALTRACS,2052377,N,Y,36.1997954,-86.6172692
MLS Listing,,Single Family Residential,801 Ragsdale Ct,Nashville,TN,37214,215000,3,2,Nashville,1129,5227,1998,1,190,10,Active,,,http://www.redfin.com/TN/Nashville/801-Ragsdale-Ct-37214/home/108005757,REALTRACS,2052372,N,Y,36.1478265,-86.6379252
MLS Listing,,Single Family Residential,731 Omandale Dr,Nashville,TN,37204,1750000,5,5.5,Nashville,5946,44431,2019,1,294,,Active,,,http://www.redfin.com/TN/Nashville/731-Omandale-Dr-37204/home/87827602,REALTRACS,2052366,N,Y,36.0901374,-86.7666774
MLS Listing,,Condo/Co-op,301 Demonbreun St Unit 1318,Nashville,TN,37201,449900,1,1.5,Nashville,936,,2008,1,481,425,Active,,,http://www.redfin.com/TN/Nashville/301-Demonbreun-St-37201/unit-1318/home/68704316,REALTRACS,2052364,N,Y,36.1588506,-86.7746725
MLS Listing,,Single Family Residential,4364 Stone Hall Blvd,Hermitage,TN,37076,415990,4,2.5,Hermitage,2539,8276,2019,1,164,63,Active,,,http://www.redfin.com/TN/Hermitage/4364-Stone-Hall-Blvd-37076/home/167106732,REALTRACS,2052349,N,Y,36.1938091,-86.6390888
MLS Listing,,Single Family Residential,7716 Sawyer Brown Rd,Nashville,TN,37221,394900,3,3.5,Nashville,2718,51836,1988,1,145,,Active,,,http://www.redfin.com/TN/Nashville/7716-Sawyer-Brown-Rd-37221/home/68761338,REALTRACS,2052346,N,Y,36.096516,-86.932562
MLS Listing,,Single Family Residential,4937 Riverbank Dr,Hermitage,TN,37076,464714,4,3.5,Hermitage,2988,6969,2019,1,156,63,Active,,,http://www.redfin.com/TN/Hermitage/4937-Riverbank-DR-37076/home/167106594,REALTRACS,2052326,N,Y,36.19399119,-86.63946073
MLS Listing,,Single Family Residential,177 Woodmont Blvd,Nashville,TN,37205,489900,3,1.5,Nashville,1435,12196,1954,1,341,,Active,June-22-2019 02:00 PM,June-22-2019 05:00 PM,http://www.redfin.com/TN/Nashville/177-Woodmont-Blvd-37205/home/107986112,REALTRACS,2052324,N,Y,36.1192185,-86.8427202
MLS Listing,,Condo/Co-op,301 Demonbruen St #707,Nashville,TN,37201,396400,1,1,Nashville,720,,2008,1,551,329,Active,,,http://www.redfin.com/TN/Nashville/301-Demonbreun-St-37201/unit-707/home/62357652,REALTRACS,2052077,N,Y,36.1591559,-86.7747581
MLS Listing,,Vacant Land,105 Lafayette Ct,Nashville,TN,37205,1000000,,,Nashville,,,,1,,,Active,,,http://www.redfin.com/TN/Nashville/105-Lafayette-Ct-37205/home/68836168,REALTRACS,2052299,N,Y,36.102944,-86.862562
MLS Listing,,Townhouse,940 Gale Ln Apt 150,Nashville,TN,37204,299000,2,1.5,Nashville,1144,,1973,1,261,210,Active,,,http://www.redfin.com/TN/Nashville/940-Gale-Ln-37204/unit-150/home/108131849,REALTRACS,2052278,N,Y,36.1173619,-86.7860823
MLS Listing,,Single Family Residential,5228 Rice Rd,Antioch,TN,37013,199900,3,2,Antioch,1125,7405,1986,1,178,,Active,,,http://www.redfin.com/TN/Antioch/5228-Rice-Rd-37013/home/108091785,REALTRACS,2052267,N,Y,36.0670349,-86.6392005
MLS Listing,,Condo/Co-op,400 Herron Dr #317,Nashville,TN,37210,349900,2,2,Nashville,1096,,2018,1,319,210,Active,,,http://www.redfin.com/TN/Nashville/400-Herron-Dr-37210/unit-317/home/148398882,REALTRACS,2052259,N,Y,36.1355534,-86.757209
MLS Listing,,Condo/Co-op,400 Herron Dr #217,Nashville,TN,37210,324900,2,2,Nashville,1096,,2018,1,296,210,Active,,,http://www.redfin.com/TN/Nashville/400-Herron-Dr-37210/unit-217/home/145879246,REALTRACS,2052258,N,Y,36.1355534,-86.757209
MLS Listing,,Condo/Co-op,400 Herron Dr #119,Nashville,TN,37210,299900,2,2,Nashville,1096,,2018,1,274,210,Active,,,http://www.redfin.com/TN/Nashville/400-Herron-Dr-37210/unit-119/home/113966423,REALTRACS,2052257,N,Y,36.1355534,-86.757209
MLS Listing,,Condo/Co-op,400 Herron Dr #118,Nashville,TN,37210,299900,2,2,Nashville,1096,,2018,1,274,210,Active,,,http://www.redfin.com/TN/Nashville/400-Herron-Dr-37210/unit-118/home/113966412,REALTRACS,2052256,N,Y,36.1355534,-86.757209
MLS Listing,,Condo/Co-op,400 Herron Dr #117,Nashville,TN,37210,299900,2,2,Nashville,1096,,2018,1,274,210,Active,,,http://www.redfin.com/TN/Nashville/400-Herron-Dr-37210/unit-117/home/113966388,REALTRACS,2052254,N,Y,36.1355534,-86.757209
MLS Listing,,Single Family Residential,1609 Timber Run,Nashville,TN,37214,285000,3,3,Nashville,2340,7405,2005,1,122,,Active,,,http://www.redfin.com/TN/Nashville/1609-Timber-Run-37214/home/108017654,REALTRACS,2052243,N,Y,36.127192,-86.637123
MLS Listing,,Condo/Co-op,400 Herron Dr #413,Nashville,TN,37210,284900,2,2,Nashville,1096,,2018,1,260,210,Active,,,http://www.redfin.com/TN/Nashville/400-Herron-Dr-37210/unit-413/home/113966441,REALTRACS,2052237,N,Y,36.1355534,-86.757209
MLS Listing,,Single Family Residential,3401 Wimbledon Rd,Nashville,TN,37215,949000,5,3.5,Nashville,3498,15681,1940,1,271,,Active,,,http://www.redfin.com/TN/Nashville/3401-Wimbledon-Rd-37215/home/108130697,REALTRACS,2052229,N,Y,36.1140489,-86.8294309
MLS Listing,,Single Family Residential,2932 Southlake Dr,Nashville,TN,37211,399900,4,2,Nashville,2200,17424,1958,1,182,,Active,June-23-2019 02:00 PM,June-23-2019 04:00 PM,http://www.redfin.com/TN/Nashville/2932-Southlake-Dr-37211/home/108128466,REALTRACS,2052225,N,Y,36.1076781,-86.7283364
MLS Listing,,Single Family Residential,1731 14Th Ave,Nashville,TN,37208,410000,4,3,Nashville,1826,4356,2019,1,225,,Active,,,http://www.redfin.com/TN/Nashville/1731-14th-Ave-N-37208/home/107983282,REALTRACS,2052220,N,Y,36.179342,-86.8075681
MLS Listing,,Single Family Residential,6010 Sterling St,Nashville,TN,37209,381470,3,3.5,Nashville,1813,871,2019,1,210,165,Active,,,http://www.redfin.com/TN/Nashville/6010-Sterling-St-37209/home/108087071,REALTRACS,2052219,N,Y,36.1577541,-86.8636523
MLS Listing,,Single Family Residential,1902 Wild Oaks Ct,Antioch,TN,37013,249000,3,2.5,Antioch,1541,,2014,1,162,37,Active,,,http://www.redfin.com/TN/Antioch/1902-Wild-Oaks-Ct-37013/home/60709692,REALTRACS,2052217,N,Y,36.048903,-86.643514
MLS Listing,,Single Family Residential,6008 Sterling St,Nashville,TN,37209,370000,3,3.5,Nashville,1813,871,2019,1,204,165,Active,,,http://www.redfin.com/TN/Nashville/6008-Sterling-St-37209/home/148402037,REALTRACS,2052213,N,Y,36.1578294,-86.8631172
MLS Listing,,Single Family Residential,2456 Eastland Ave,Nashville,TN,37206,589900,4,3.5,Nashville,2801,2178,2019,1,211,,Active,,,http://www.redfin.com/TN/Nashville/2456-Eastland-Ave-37206/home/102802368,REALTRACS,2052197,N,Y,36.1779145,-86.7157197
MLS Listing,,Single Family Residential,2458 Eastland Ave,Nashville,TN,37206,574900,4,3.5,Nashville,2801,2178,2019,1,205,,Active,,,http://www.redfin.com/TN/Nashville/2458-Eastland-Ave-37206/home/102802413,REALTRACS,2052194,N,Y,36.1779858,-86.7153554
MLS Listing,,Single Family Residential,203 Bellevue Rd,Nashville,TN,37221,345000,4,2.5,Nashville,2048,40946,1988,2,168,,Active,,,http://www.redfin.com/TN/Nashville/203-Bellevue-Rd-37221/home/96675805,REALTRACS,2052095,N,Y,36.0625634,-86.9305043
MLS Listing,,Single Family Residential,510 Norton Ave,Nashville,TN,37207,225000,2,1,Nashville,768,9583,1950,2,293,,Active,,,http://www.redfin.com/TN/Nashville/510-Norton-Ave-37207/home/107994719,REALTRACS,2051949,N,Y,36.207148,-86.7560247
MLS Listing,,Single Family Residential,603 Alison Ct,Nashville,TN,37217,160000,2,2.5,Nashville,1280,5662,1984,2,125,,Active,,,http://www.redfin.com/TN/Nashville/603-Alison-Ct-37217/home/60762310,REALTRACS,2051847,N,Y,36.0759397,-86.62985
MLS Listing,,Single Family Residential,538 Croley Dr,Nashville,TN,37209,369900,3,2.5,Nashville,1600,871,2016,2,231,,Active,,,http://www.redfin.com/TN/Nashville/538-Croley-Dr-37209/unit-A-540/home/112484813,REALTRACS,2051583,N,Y,36.151839,-86.873482
MLS Listing,,Single Family Residential,600 Bedford Forest Dr,Old Hickory,TN,37138,899900,4,3,Old Hickory,3096,48787,1977,2,291,,Active,,,http://www.redfin.com/TN/Old-Hickory/600-Bedford-Forest-Ct-37138/home/103888306,REALTRACS,2052174,N,Y,36.2412327,-86.5934139
MLS Listing,,Single Family Residential,439 Janette Ave,Goodlettsville,TN,37072,199900,3,2,Goodlettsville,1392,12196,1968,2,144,,Active,,,http://www.redfin.com/TN/Goodlettsville/439-Janette-Ave-37072/home/87817682,REALTRACS,2052168,N,Y,36.2860458,-86.7137971
MLS Listing,,Single Family Residential,321 Whitman Ct,Nolensville,TN,37135,419900,4,3,Nolensville,2612,8276,2013,2,161,65,Active,June-23-2019 02:00 PM,June-23-2019 04:00 PM,http://www.redfin.com/TN/Nolensville/321-Whitman-Ct-37135/home/68846194,REALTRACS,2052166,N,Y,35.9860791,-86.6702767
MLS Listing,,Condo/Co-op,3127 Long Blvd Apt 201,Nashville,TN,37203,364500,2,2.5,Nashville,1260,,2006,2,289,314,Active,,,http://www.redfin.com/TN/Nashville/3127-Long-Blvd-37203/unit-201/home/108018491,REALTRACS,2052164,N,Y,36.1456103,-86.8190998
MLS Listing,,Single Family Residential,319 Chamberlin St,Nashville,TN,37209,589000,4,3,Nashville,2254,7405,2013,2,261,,Active,June-23-2019 02:00 PM,June-23-2019 04:00 PM,http://www.redfin.com/TN/Nashville/319-Chamberlin-St-37209/home/68841913,REALTRACS,2052163,N,Y,36.1479274,-86.8299701
MLS Listing,,Single Family Residential,903 Carolyn Ave,Nashville,TN,37216,350000,4,3,Nashville,2019,10890,1936,2,173,,Active,,,http://www.redfin.com/TN/Nashville/903-Carolyn-Ave-37216/home/108122251,REALTRACS,2052159,N,Y,36.199325,-86.7481018
MLS Listing,,Single Family Residential,239 White Bridge Pike,Nashville,TN,37209,489900,3,3.5,Nashville,2042,,2018,2,240,225,Active,June-23-2019 02:00 PM,June-23-2019 04:00 PM,http://www.redfin.com/TN/Nashville/239-White-Bridge-Pike-37209/unit-15/home/145079721,REALTRACS,2052151,N,Y,36.1414026,-86.8584024
MLS Listing,,Single Family Residential,239 White Bridge Pike,Nashville,TN,37209,469900,3,3.5,Nashville,2042,,2018,2,230,225,Active,June-23-2019 02:00 PM,June-23-2019 04:00 PM,http://www.redfin.com/TN/Nashville/239-White-Bridge-Pike-37209/unit-17/home/145303584,REALTRACS,2052143,N,Y,36.1414026,-86.8584024
MLS Listing,,Single Family Residential,5805 Robertson Ave,Nashville,TN,37209,299900,2,1.5,Nashville,1200,5227,1948,2,250,,Active,,,http://www.redfin.com/TN/Nashville/5805-Robertson-Ave-37209/home/87826375,REALTRACS,2052127,N,Y,36.1546646,-86.8606592
MLS Listing,,Single Family Residential,2102 Fernwood Dr,Nashville,TN,37216,330000,3,1,Nashville,1075,13939,1950,2,307,,Active,,,http://www.redfin.com/TN/Nashville/2102-Fernwood-Dr-37216/home/108120792,REALTRACS,2052110,N,Y,36.2016436,-86.7143439
MLS Listing,,Single Family Residential,2814 Live Oak Rd,Nashville,TN,37210,289900,2,1.5,Nashville,1290,13503,1950,2,225,,Active,,,http://www.redfin.com/TN/Nashville/2814-Live-Oak-Rd-37210/home/108002871,REALTRACS,2052115,N,Y,36.1113829,-86.731501
MLS Listing,,Single Family Residential,327 Whitworth Way,Nashville,TN,37205,1049999,6,4.5,Nashville,5858,7405,1998,2,179,367,Active,,,http://www.redfin.com/TN/Nashville/327-Whitworth-Way-37205/home/68805536,REALTRACS,2052113,N,Y,36.1266861,-86.8195629
MLS Listing,,Condo/Co-op,920 S Street Unit 316,Nashville,TN,37203,746000,2,2,Nashville,1226,,2019,2,608,368,Active,,,http://www.redfin.com/TN/Nashville/920-South-St-37203/unit-316/home/167103969,REALTRACS,2052112,N,Y,36.1471174,-86.7809444
MLS Listing,,Condo/Co-op,920 S St. Unit 113,Nashville,TN,37203,330000,1,1,Nashville,724,,2019,2,456,218,Active,,,http://www.redfin.com/TN/Nashville/920-South-St-37203/unit-113/home/167103936,REALTRACS,2052107,N,Y,36.1471174,-86.7809444
MLS Listing,,Condo/Co-op,920 S Street Unit 207,Nashville,TN,37203,539000,2,2,Nashville,1153,,2019,2,467,346,Active,,,http://www.redfin.com/TN/Nashville/920-South-St-37203/unit-207/home/167103915,REALTRACS,2052104,N,Y,36.1471174,-86.7809444
MLS Listing,,Townhouse,121 Piedmont Ave,Nashville,TN,37216,279900,3,2,Nashville,1660,,1934,2,169,,Active,,,http://www.redfin.com/TN/Nashville/121-Piedmont-Ave-37216/home/107984647,REALTRACS,2052103,N,Y,36.201975,-86.721912
MLS Listing,,Single Family Residential,1314 Meridian St,Nashville,TN,37207,270000,3,1,Nashville,1120,5662,1940,2,241,,Active,,,http://www.redfin.com/TN/Nashville/1314-Meridian-St-37207/home/87825716,REALTRACS,2052075,N,Y,36.1951962,-86.7674922
MLS Listing,,Single Family Residential,721 Rocky Mountain Ct,Antioch,TN,37013,218900,3,2,Antioch,1487,9583,1988,2,147,9,Active,,,http://www.redfin.com/TN/Antioch/721-Rocky-Mountain-Ct-37013/home/60864624,REALTRACS,2052072,N,Y,36.0856882,-86.6559467
MLS Listing,,Single Family Residential,4664 Long Br,Antioch,TN,37013,139900,3,1,Antioch,1673,9147,1979,2,84,,Active,,,http://www.redfin.com/TN/Nashville/Unknown-37013/home/108099713,REALTRACS,2052068,N,Y,36.075448,-86.672726
MLS Listing,,Single Family Residential,310 Sloan Rd,Nashville,TN,37209,237500,1,1,Nashville,896,871,1990,2,265,190,Active,,,http://www.redfin.com/TN/Nashville/310-Sloan-Rd-37209/unit-B/home/108106176,REALTRACS,2052064,N,Y,36.139635,-86.841635
MLS Listing,,Single Family Residential,110 24Th St,Old Hickory,TN,37138,400000,3,2.5,Old Hickory,2000,7405,2019,2,200,,Active,,,http://www.redfin.com/TN/Old-Hickory/110-24th-St-37138/home/103708670,REALTRACS,2052061,N,Y,36.247879,-86.640353
MLS Listing,,Single Family Residential,106 24Th St,Old Hickory,TN,37138,400000,3,2.5,Old Hickory,2000,7405,2019,2,200,,Active,,,http://www.redfin.com/TN/Old-Hickory/106-24th-St-37138/home/103708671,REALTRACS,2052060,N,Y,36.2477938,-86.6404907
MLS Listing,,Single Family Residential,2411 Milton Dr,Nashville,TN,37216,329900,3,2,Nashville,1215,12196,1950,2,272,,Active,,,http://www.redfin.com/TN/Nashville/2411-Milton-Dr-37216/home/107999390,REALTRACS,2052056,N,Y,36.2109537,-86.7074739
MLS Listing,,Single Family Residential,104 24Th St,Old Hickory,TN,37138,400000,3,2.5,Old Hickory,2000,7405,2019,2,200,,Active,,,http://www.redfin.com/TN/Old-Hickory/104-24th-St-37138/home/103708669,REALTRACS,2052055,N,Y,36.2476662,-86.6406058
MLS Listing,,Condo/Co-op,2828 Lake Forest Dr,Nashville,TN,37217,115000,3,1.5,Nashville,1240,,1982,2,93,132,Active,,,http://www.redfin.com/TN/Nashville/2828-Lake-Forest-Dr-37217/unit-61/home/108133567,REALTRACS,2052048,N,Y,36.0903333,-86.6124143
MLS Listing,,Single Family Residential,1220 Beech Hollow Dr,Nashville,TN,37211,420000,4,3.5,Nashville,3314,10890,2007,2,127,35,Active,,,http://www.redfin.com/TN/Nashville/1220-Beech-Hollow-Dr-37211/home/108028341,REALTRACS,2052038,N,Y,36.0123793,-86.7311462
MLS Listing,,Single Family Residential,3819 Kings Ln,Nashville,TN,37218,299900,3,2.5,Nashville,3109,66646,1963,2,96,,Active,,,http://www.redfin.com/TN/Nashville/3819-Kings-Ln-37218/home/107982300,REALTRACS,2050651,N,Y,36.2171297,-86.8424689
MLS Listing,,Single Family Residential,3809 Baxter Ave,Nashville,TN,37216,294900,4,2.5,Nashville,1744,11325,1945,2,169,,Active,,,http://www.redfin.com/TN/Nashville/3809-Baxter-Ave-37216/home/108119838,REALTRACS,2052014,N,Y,36.2153853,-86.7323184
MLS Listing,,Single Family Residential,2715 Morena St,Nashville,TN,37208,299000,4,2,Nashville,1700,7840,1970,2,176,,Active,,,http://www.redfin.com/TN/Nashville/2715-Morena-St-37208/home/167103210,REALTRACS,2051996,N,Y,36.1627612,-86.8190866
MLS Listing,,Single Family Residential,3109 Greggwood Dr,Nashville,TN,37207,264500,3,3,Nashville,1552,,1971,2,170,,Active,,,http://www.redfin.com/TN/Nashville/3109-Greggwood-Dr-37207/home/68769313,REALTRACS,2051994,N,Y,36.234271,-86.791766
MLS Listing,,Single Family Residential,2413 Prairie Hill Dr,Cane Ridge,TN,37013,330900,3,2.5,Cane Ridge,1961,6098,2019,2,169,65,Active,,,http://www.redfin.com/TN/Nashville/Unknown-37013/home/148401865,REALTRACS,2051984,N,Y,36.0004,-86.64015
MLS Listing,,Single Family Residential,432 Chinook Dr,Cane Ridge,TN,37013,334900,3,2.5,Cane Ridge,2363,6969,2016,2,142,17,Active,,,http://www.redfin.com/TN/Antioch/3534-Murfreesboro-Pike-37013/home/108956918,REALTRACS,2051981,N,Y,36.0529156,-86.6146472
MLS Listing,,Single Family Residential,3345 Oak Trees Ct,Antioch,TN,37013,157500,2,1.5,Antioch,1152,3920,1986,2,137,,Active,,,http://www.redfin.com/TN/Antioch/3345-Oak-Trees-Ct-37013/home/107978044,REALTRACS,2051980,N,Y,36.075293,-86.606831
MLS Listing,,Single Family Residential,8 Curtis Dr-Lot 8,Nashville,TN,37207,298900,3,2,Nashville,1960,12196,2019,2,153,1,Active,,,http://www.redfin.com/TN/Nashville/8-Curtis-Dr-37207/unit-8/home/160931837,REALTRACS,2051975,N,Y,36.28267364,-86.7451763
MLS Listing,,Single Family Residential,14 Curtis Dr Lot 14,Nashville,TN,37207,373900,4,2.5,Nashville,2600,11761,2019,2,144,1,Active,,,http://www.redfin.com/TN/Nashville/14-Curtis-Dr-37207/unit-14/home/145215062,REALTRACS,2051971,N,Y,36.28281202,-86.74500493
MLS Listing,,Single Family Residential,2920 Murray Cir,Nashville,TN,37216,364900,3,2,Nashville,1600,14374,1948,2,228,,Active,,,http://www.redfin.com/TN/Nashville/2920-Murray-Cir-37216/home/108120090,REALTRACS,2051969,N,Y,36.2017179,-86.7263714
MLS Listing,,Single Family Residential,9 Curtis Dr Lot 9,Nashville,TN,37207,286400,3,2.5,Nashville,1650,12196,2019,2,174,1,Active,,,http://www.redfin.com/TN/Nashville/9-Curtis-Dr-37207/unit-9/home/160931872,REALTRACS,2051959,N,Y,36.28315796,-86.74524689
MLS Listing,,Single Family Residential,163 Lelawood Cir,Nashville,TN,37209,775000,4,3.5,Nashville,3920,45738,1973,2,198,,Active,,,http://www.redfin.com/TN/Nashville/163-Lelawood-Cir-37209/home/108038679,REALTRACS,2051952,N,Y,36.135046,-86.8674536
MLS Listing,,Single Family Residential,105 Ashley Cv,Hermitage,TN,37076,209900,3,2,Hermitage,1200,16552,1993,2,175,,Active,,,http://www.redfin.com/TN/Hermitage/105-Ashley-Cv-37076/home/108066470,REALTRACS,2051931,N,Y,36.2072969,-86.5883818
MLS Listing,,Single Family Residential,7936 Kirkfield Dr,Nashville,TN,37211,350000,3,2.5,Nashville,2367,6534,2014,2,148,11,Active,,,http://www.redfin.com/TN/Nashville/7936-Kirkfield-Dr-37211/home/60817904,REALTRACS,2051930,N,Y,36.0160314,-86.6923466
MLS Listing,,Single Family Residential,"1708 Lischey Ave, Unit A",Nashville,TN,37207,409900,3,3,Nashville,1936,5227,2016,2,212,,Active,,,http://www.redfin.com/TN/Nashville/1708-Lischey-Ave-37207/unit-A/home/112483823,REALTRACS,2051921,N,Y,36.201893,-86.762168
MLS Listing,,Single Family Residential,1016 Pennock Ave,Nashville,TN,37207,250000,3,1,Nashville,1057,6534,1910,2,237,,Active,,,http://www.redfin.com/TN/Nashville/1016-Pennock-Ave-37207/home/107995120,REALTRACS,2051916,N,Y,36.1894254,-86.766756
MLS Listing,,Townhouse,1900 Richard Jones Rd Apt V2,Nashville,TN,37215,259900,3,2.5,Nashville,1600,,1967,2,162,558,Active,,,http://www.redfin.com/TN/Nashville/1900-Richard-Jones-Rd-37215/unit-V2/home/68707421,REALTRACS,2051914,N,Y,36.1053147,-86.8078883
MLS Listing,,Townhouse,6511 Robertson Ave Unit 6-7,Nashville,TN,37209,840000,5,6.5,Nashville,3878,,2019,2,217,,Active,,,http://www.redfin.com/TN/Nashville/6511-Robertson-Ave-37209/unit-6-7/home/167102604,REALTRACS,2051910,N,Y,36.158847,-86.8795267
MLS Listing,,Single Family Residential,3080 Brookview Forest Dr,Nashville,TN,37211,399999,4,2.5,Nashville,2669,9147,2005,2,150,43,Active,,,http://www.redfin.com/TN/Nashville/3080-Brookview-Forest-Dr-37211/home/60825297,REALTRACS,2051907,N,Y,36.0171076,-86.7122211
MLS Listing,,Single Family Residential,1805 Sweetbriar Ave,Nashville,TN,37212,1590000,5,4.5,Nashville,4758,11325,2019,2,334,,Active,,,http://www.redfin.com/TN/Nashville/1805-Sweetbriar-Ave-37212/home/108086480,REALTRACS,2051901,N,Y,36.1249489,-86.7988473
MLS Listing,,Single Family Residential,6511 Robertson Ave #14,Nashville,TN,37209,375000,2,3,Nashville,1847,,2019,2,203,150,Active,,,http://www.redfin.com/TN/Nashville/6511-Robertson-Ave-37209/unit-14/home/112483996,REALTRACS,2051897,N,Y,36.158847,-86.8795267
MLS Listing,,Single Family Residential,2231A 24th Ave,Nashville,TN,37208,349000,3,2.5,Nashville,1816,,2019,2,192,,Active,,,http://www.redfin.com/TN/Nashville/2231-24th-Ave-N-37208/home/60851405,REALTRACS,2051896,N,Y,36.190683,-86.8154202
MLS Listing,,Single Family Residential,6032 Manor Pl,Brentwood,TN,37027,529900,4,2.5,Brentwood,3381,16552,1987,2,157,13,Active,,,http://www.redfin.com/TN/Brentwood/6032-Manor-Pl-37027/home/68852985,REALTRACS,2051871,N,Y,36.044491,-86.7545027
MLS Listing,,Single Family Residential,6039 Sagi Cir,LaVergne,TN,37086,169900,2,2.5,LaVergne,1260,,2001,2,135,110,Active,,,http://www.redfin.com/TN/La-Vergne/6039-Sagi-Cir-37086/home/86628251,REALTRACS,2051870,N,Y,36.0250365,-86.5828216
MLS Listing,,Townhouse,2714 W Linden,Nashville,TN,37212,475000,4,3,Nashville,1792,,1930,2,265,,Active,,,http://www.redfin.com/TN/Nashville/2714-W-Linden-Ave-37212/home/87826831,REALTRACS,2051865,N,Y,36.1285734,-86.8114442
MLS Listing,,Single Family Residential,1117 Crestfield Dr,Nashville,TN,37211,335000,3,2.5,Nashville,2454,7405,1991,2,137,9,Active,,,http://www.redfin.com/TN/Nashville/1117-Crestfield-Dr-37211/home/108010683,REALTRACS,2051866,N,Y,36.0235038,-86.719454
MLS Listing,,Condo/Co-op,4303 Gallatin Park #207,Nashville,TN,37216,209900,1,1,Nashville,671,,2017,2,313,150,Active,,,http://www.redfin.com/TN/Nashville/4303-Gallatin-PARK-37216/unit-207/home/167102201,REALTRACS,2051853,N,Y,36.22616,-86.72602
MLS Listing,,Single Family Residential,815 Foster Hl,Nashville,TN,37215,1000000,4,4.5,Nashville,5248,6098,1988,2,191,270,Active,,,http://www.redfin.com/TN/Nashville/815-Foster-Hl-37215/home/104280556,REALTRACS,2051852,N,Y,36.1045555,-86.8262309
MLS Listing,,Condo/Co-op,4303 Gallatin Park #307,Nashville,TN,37216,209900,1,1,Nashville,671,,2017,2,313,150,Active,,,http://www.redfin.com/TN/Nashville/4303-Gallatin-PARK-37216/unit-307/home/167102180,REALTRACS,2051850,N,Y,36.22616,-86.72602
MLS Listing,,Single Family Residential,906 Buford Pl,Nashville,TN,37204,839900,4,3.5,Nashville,3420,10890,2007,2,246,,Active,,,http://www.redfin.com/TN/Nashville/906-Buford-Pl-37204/unit-1/home/61628413,REALTRACS,2051844,N,Y,36.103005,-86.786529
MLS Listing,,Condo/Co-op,3911 Dodson Chapel Rd Apt 14,Hermitage,TN,37076,210000,2,2,Hermitage,1193,,2003,2,176,185,Active,,,http://www.redfin.com/TN/Hermitage/3911-Dodson-Chapel-Rd-37076/unit-14/home/108016243,REALTRACS,2051843,N,Y,36.1700636,-86.6145578
MLS Listing,,Vacant Land,1111 Jackson St,Nashville,TN,37208,185000,,,Nashville,,3920,,2,,,Active,,,http://www.redfin.com/TN/Nashville/1111-Jackson-St-37208/home/87804911,REALTRACS,2051823,N,Y,36.1694116,-86.7962768
MLS Listing,,Single Family Residential,150 Piedmont Ave,Nashville,TN,37216,309900,3,1,Nashville,1216,8276,1950,2,255,,Active,,,http://www.redfin.com/TN/Nashville/150-Piedmont-Ave-37216/home/107998103,REALTRACS,2051801,N,Y,36.2013184,-86.7194933
MLS Listing,,Single Family Residential,408 Stone Chimney Ct,Nashville,TN,37214,312000,3,2.5,Nashville,2518,5662,2003,2,124,40,Active,,,http://www.redfin.com/TN/Nashville/408-Stone-Chimney-Ct-37214/home/107987312,REALTRACS,2051800,N,Y,36.1211067,-86.6213063
MLS Listing,,Condo/Co-op,211 Ashlawn Ct #211,Nashville,TN,37203,297000,2,2,Nashville,1343,,1986,2,221,315,Active,,,http://www.redfin.com/TN/Nashville/211-Ashlawn-Ct-37215/unit-211/home/147946635,REALTRACS,2051799,N,Y,36.092516,-86.818536
MLS Listing,,Single Family Residential,4808 Peninsula Pointe Dr,Hermitage,TN,37076,425000,4,3.5,Hermitage,3573,7405,1999,2,119,11,Active,,,http://www.redfin.com/TN/Hermitage/4808-Peninsula-Pointe-Dr-37076/home/60795291,REALTRACS,2051795,N,Y,36.1533185,-86.5918573
MLS Listing,,Townhouse,1225 4th Ave S #1253,Nashville,TN,37210,204900,1,1,Nashville,617,,2016,2,332,129,Active,,,http://www.redfin.com/TN/Nashville/1225-4th-Ave-S-37210/unit-1253/home/167101859,REALTRACS,2051794,N,Y,36.1434309,-86.766066
MLS Listing,,Townhouse,1225 4th Ave S #202,Nashville,TN,37210,349900,2,2,Nashville,1318,,2016,2,265,237,Active,,,http://www.redfin.com/TN/Nashville/1225-4th-Ave-S-37210/unit-202/home/167101852,REALTRACS,2051792,N,Y,36.1434309,-86.766066
MLS Listing,,Townhouse,7808 Kemberton Dr,Nolensville,TN,37135,269900,3,2.5,Nolensville,1744,,2007,3,155,235,Active,,,http://www.redfin.com/TN/Nolensville/7808-Kemberton-Dr-W-37135/unit-5/home/60659583,REALTRACS,2051785,N,Y,35.99057,-86.676996
MLS Listing,,Single Family Residential,1144 Woodbury Falls Ct,Nashville,TN,37221,289900,3,3.5,Nashville,2103,871,2015,3,138,150,Active,,,http://www.redfin.com/TN/Nashville/1144-Woodbury-Falls-Ct-37221/home/63065762,REALTRACS,2051772,N,Y,36.089857,-86.921586
MLS Listing,,Single Family Residential,4316 Lindawood Dr,Nashville,TN,37215,2648250,4,4.5,Nashville,8237,39639,2009,3,322,,Active,,,http://www.redfin.com/TN/Nashville/4316-Lindawood-Dr-37215/home/107987884,REALTRACS,2051362,N,Y,36.0961383,-86.8319567
MLS Listing,,Single Family Residential,3013 King's Ln,Nashville,TN,37218,230000,3,2,Nashville,1726,22215,1967,3,133,,Active,,,http://www.redfin.com/TN/Nashville/3013-Kings-Ln-37218/home/107979923,REALTRACS,2049911,N,Y,36.2205269,-86.8224431
MLS Listing,,Single Family Residential,"305 Wilson Blvd, N",Nashville,TN,37205,1044500,4,4,Nashville,4178,8712,1990,3,250,,Active,,,http://www.redfin.com/TN/Nashville/305-N-Wilson-Blvd-37205/home/108002148,REALTRACS,2049608,N,Y,36.1347695,-86.8342508
MLS Listing,,Single Family Residential,6105 Old Hickory Blvd,Whites Creek,TN,37189,450000,3,2,Whites Creek,1980,247420,2004,3,227,,Active,,,http://www.redfin.com/TN/Whites-Creek/6105-Old-Hickory-Blvd-37189/home/108050351,REALTRACS,2049020,N,Y,36.267043,-86.884575
MLS Listing,,Single Family Residential,415 Hart Ave,Nashville,TN,37206,285000,2,1,Nashville,1350,7405,1930,3,211,,Active,,,http://www.redfin.com/TN/Nashville/415-Hart-Ave-37206/home/108097667,REALTRACS,2051780,N,Y,36.1814711,-86.7558323
MLS Listing,,Townhouse,1017 Wesleyville St,Nashville,TN,37217,249000,4,3,Nashville,1056,,1985,3,236,,Active,,,http://www.redfin.com/TN/Nashville/1017-Wesleyville-St-37217/home/107988239,REALTRACS,2051779,N,Y,36.081992,-86.613271
MLS Listing,,Townhouse,1021 Wesleyville St,Nashville,TN,37217,249000,4,3,Nashville,1056,,1985,3,236,,Active,,,http://www.redfin.com/TN/Nashville/1021-Wesleyville-St-37217/home/108040702,REALTRACS,2051778,N,Y,36.082129,-86.613075
MLS Listing,,Single Family Residential,1550 Campbell Rd,Goodlettsville,TN,37072,249000,2,1,Goodlettsville,1274,124146,1963,3,195,,Active,,,http://www.redfin.com/TN/Goodlettsville/1550-Campbell-Rd-37072/home/107995799,REALTRACS,2051777,N,Y,36.3036319,-86.7663296
MLS Listing,,Townhouse,660 Harpeth Bend Dr,Nashville,TN,37221,325000,4,3,Nashville,1152,,1985,3,282,,Active,,,http://www.redfin.com/TN/Nashville/660-Harpeth-Bend-Dr-37221/home/108093599,REALTRACS,2051771,N,Y,36.060691,-86.934359
MLS Listing,,Townhouse,735 Tulip Grove Rd Apt 225,Hermitage,TN,37076,195000,2,2.5,Hermitage,1332,,2006,3,146,147,Active,,,http://www.redfin.com/TN/Hermitage/735-Tulip-Grove-Rd-37076/unit-225/home/60664336,REALTRACS,2050089,N,Y,36.2036036,-86.5901034
MLS Listing,,Condo/Co-op,420 Elysian Fields Rd Apt B21,Nashville,TN,37211,129997,2,2,Nashville,936,,1969,3,139,230,Active,,,http://www.redfin.com/TN/Nashville/420-Elysian-Fields-Rd-37211/unit-B21/home/108022392,REALTRACS,2051756,N,Y,36.0868506,-86.7320813
MLS Listing,,Condo/Co-op,8401 Callabee Way Unit 12,Antioch,TN,37013,170000,2,1,Antioch,988,,2006,3,172,115,Active,,,http://www.redfin.com/TN/Antioch/8401-Callabee-Way-37013/unit-12/home/108107310,REALTRACS,2051752,N,Y,36.0102134,-86.6974949
MLS Listing,,Single Family Residential,2652 Miami Ave,Nashville,TN,37214,220000,3,2,Nashville,1194,6534,2005,3,184,,Active,,,http://www.redfin.com/TN/Nashville/2652-Miami-Ave-37214/home/108112295,REALTRACS,2051718,N,Y,36.2419325,-86.7072282
MLS Listing,,Townhouse,3605 Willow Creek Ct,Nashville,TN,37207,114900,4,2,Nashville,1632,,1984,3,70,,Active,,,http://www.redfin.com/TN/Nashville/3605-Willow-Creek-Ct-37207/home/108118074,REALTRACS,2051695,N,Y,36.253377,-86.775315
MLS Listing,,Single Family Residential,505 Belle Post Rd,Nashville,TN,37205,739900,4,4,Nashville,3713,1742,2017,3,199,125,Active,,,http://www.redfin.com/TN/Nashville/505-Church-St-37219/unit-10/home/112485227,REALTRACS,2040817,N,Y,36.162758,-86.7803575
MLS Listing,,Single Family Residential,4649 Chutney Dr,Antioch,TN,37013,204900,3,2,Antioch,1062,10454,1991,4,193,,Active,,,http://www.redfin.com/TN/Antioch/4649-Chutney-Dr-37013/home/87807737,REALTRACS,2051670,N,Y,36.0427062,-86.576801
MLS Listing,,Vacant Land,1695 Campbell Rd,Goodlettsville,TN,37072,199000,,,Goodlettsville,,246985,,4,,,Active,,,http://www.redfin.com/TN/Goodlettsville/1695-Campbell-Rd-37072/home/87813755,REALTRACS,2049130,N,Y,36.309475,-86.768164
MLS Listing,,Single Family Residential,2100 McKennie Ave,Nashville,TN,37206,284000,2,1,Nashville,1091,18295,1940,4,260,,Active,,,http://www.redfin.com/TN/Nashville/2100-McKennie-Ave-37206/home/108120774,REALTRACS,2051541,N,Y,36.190276,-86.729771
MLS Listing,,Single Family Residential,1218 Greenfield Ave,Nashville,TN,37216,310000,4,2,Nashville,1440,8712,1945,4,215,,Active,,,http://www.redfin.com/TN/Nashville/1218-Greenfield-Ave-37216/home/108075485,REALTRACS,2051480,N,Y,36.2098692,-86.726803
MLS Listing,,Single Family Residential,891 Daybreak Dr,Cane Ridge,TN,37013,307000,3,2.5,Cane Ridge,2336,6534,2015,4,131,17,Active,,,http://www.redfin.com/TN/Antioch/891-Daybreak-Dr-37013/home/102803365,REALTRACS,2048626,N,Y,36.0195659,-86.6688406
MLS Listing,,Single Family Residential,1945 Peaceful Brook Dr,Antioch,TN,37013,256990,4,2,Antioch,1774,,2019,4,145,37,Active,,,http://www.redfin.com/TN/Antioch/1945-Peaceful-Brook-Dr-37013/home/167100428,REALTRACS,2051652,N,Y,36.043547,-86.5950504
MLS Listing,,Single Family Residential,1215B 14Th Ave,Nashville,TN,37212,479900,3,2.5,Nashville,1971,1306,2019,4,243,,Active,,,http://www.redfin.com/TN/Nashville/1215-14th-Ave-S-37212/home/144498973,REALTRACS,2051646,N,Y,36.1427991,-86.789621
MLS Listing,,Single Family Residential,2665 Avery Park Dr,Nashville,TN,37211,329900,3,3,Nashville,2208,6534,2009,4,149,70,Active,,,http://www.redfin.com/TN/Nashville/2665-Avery-Park-Dr-37211/home/108139338,REALTRACS,2051644,N,Y,36.0183993,-86.7004653
MLS Listing,,Vacant Land,2306 Donna Hill Ct Lot 1,Nashville,TN,37214,159900,,,Nashville,,124581,,4,,,Active,,,http://www.redfin.com/TN/Nashville/2306-Donna-Hill-Ct-37214/unit-1/home/167100205,REALTRACS,2051636,N,Y,36.1989605,-86.6859002
MLS Listing,,Single Family Residential,4784 Bowfield Dr,Antioch,TN,37013,220000,3,1.5,Antioch,2148,10890,1968,4,102,,Active,,,http://www.redfin.com/TN/Antioch/4784-Bowfield-Dr-37013/home/108092194,REALTRACS,2051624,N,Y,36.0641406,-86.6659209
MLS Listing,,Single Family Residential,6057 Port Anadarko Trl,Hermitage,TN,37076,350000,3,2.5,Hermitage,2508,21780,1981,4,140,,Active,,,http://www.redfin.com/TN/Hermitage/6057-Port-Anadarko-Trl-37076/home/107990522,REALTRACS,2051602,N,Y,36.1633417,-86.5892661
MLS Listing,,Single Family Residential,4944 Pebble Creek Dr,Antioch,TN,37013,232000,4,2.5,Antioch,2346,16552,1980,4,99,,Active,,,http://www.redfin.com/TN/Antioch/4944-Pebble-Creek-Dr-37013/home/108056587,REALTRACS,2051601,N,Y,36.0726663,-86.6596392
MLS Listing,,Single Family Residential,5015 Bonnaside Dr,Hermitage,TN,37076,179900,3,1.5,Hermitage,1701,13939,1960,4,106,,Active,,,http://www.redfin.com/TN/Hermitage/5015-Bonnaside-Dr-37076/home/108020352,REALTRACS,2051592,N,Y,36.1938263,-86.6297574
MLS Listing,,Single Family Residential,2860 Morgan Rd,Joelton,TN,37080,399000,3,2.5,Joelton,2853,40510,2006,4,140,,Active,,,http://www.redfin.com/TN/Joelton/2910-Morgan-Rd-37080/home/108111776,REALTRACS,2051579,N,Y,36.3376578,-86.8513659
MLS Listing,,Single Family Residential,6057 Frontier Ln,Nashville,TN,37211,659000,5,3.5,Nashville,3821,23086,2001,4,172,21,Active,,,http://www.redfin.com/TN/Nashville/6057-Frontier-Ln-37211/home/108057700,REALTRACS,2051553,N,Y,36.0309617,-86.7362749
MLS Listing,,Single Family Residential,6118 Hill Circle Dr,Nashville,TN,37209,1050000,4,4.5,Nashville,3878,871,2017,4,271,,Active,June-23-2019 02:00 PM,June-23-2019 04:00 PM,http://www.redfin.com/TN/Nashville/6118-Hill-Cir-Dr-37209/unit-B/home/95413956,REALTRACS,2051548,N,Y,36.1444407,-86.8663858
MLS Listing,,Single Family Residential,1233 Duns Ln #330,Nolensville,TN,37135,359900,3,2,Nolensville,1730,,2019,4,208,45,Active,,,http://www.redfin.com/TN/Nashville/1233-Duns-Ln-37135/unit-330/home/167097786,REALTRACS,2051540,N,Y,35.98924071,-86.66723442
MLS Listing,,Townhouse,0 PLAN 1220 Unit 40E,Nashville,TN,37207,194990,3,2,Nashville,1220,,2019,4,160,106,Active,,,http://www.redfin.com/TN/Nashville/1916-Patterson-St-37203/unit-40E/home/167097743,REALTRACS,2051536,N,Y,36.1557446,-86.8019911
MLS Listing,,Vacant Land,6341 N New Hope Rd,Hermitage,TN,37076,400000,,,Hermitage,,453895,,4,,,Active,,,http://www.redfin.com/TN/Hermitage/6341-N-New-Hope-Rd-37076/home/68773661,REALTRACS,2051532,N,Y,36.189201,-86.579827
MLS Listing,,Single Family Residential,4599 Dry Fork Rd,Whites Creek,TN,37189,525000,2,2.5,Whites Creek,2702,435600,1997,4,194,,Active,,,http://www.redfin.com/TN/Whites-Creek/4599-Dry-Fork-Rd-37189/home/108117163,REALTRACS,2051531,N,Y,36.271553,-86.871982
MLS Listing,,Townhouse,1130 Woodbury Falls Ct,Nashville,TN,37221,244000,2,2.5,Nashville,1297,,2010,4,188,150,Active,,,http://www.redfin.com/TN/Nashville/1130-Woodbury-Falls-Ct-37221/home/108112037,REALTRACS,2051526,N,Y,36.089421,-86.92149
MLS Listing,,Single Family Residential,5013 Packard Dr,Nashville,TN,37211,269500,3,1.5,Nashville,1175,17424,1956,4,229,,Active,,,http://www.redfin.com/TN/Nashville/5013-Packard-Dr-37211/home/68811487,REALTRACS,2051522,N,Y,36.0619366,-86.7062059
MLS Listing,,Single Family Residential,598 Neill Ave,Nashville,TN,37206,449000,3,2,Nashville,1259,10890,1972,4,357,,Active,,,http://www.redfin.com/TN/Nashville/598-Neill-Ave-37206/home/107973473,REALTRACS,2051517,N,Y,36.1813302,-86.7603755
MLS Listing,,Condo/Co-op,1400 Rosa L Parks Blvd Apt 225,Nashville,TN,37208,340000,1,1,Nashville,1025,,2006,4,332,317,Active,,,http://www.redfin.com/TN/Nashville/1400-Rosa-L-Parks-Blvd-37208/unit-225/home/108138278,REALTRACS,2049044,N,Y,36.1790747,-86.7942787
MLS Listing,,Single Family Residential,1721 Heiman St,Nashville,TN,37208,259000,3,1,Nashville,1056,5662,1986,4,245,,Active,,,http://www.redfin.com/TN/Nashville/1721-Heiman-St-37208/home/87820103,REALTRACS,2051507,N,Y,36.1715395,-86.8061655
MLS Listing,,Vacant Land,1743 16Th Ave,Nashville,TN,37208,110000,,,Nashville,,4356,,4,,,Active,,,http://www.redfin.com/TN/Nashville/1743-16th-Ave-N-37208/home/108032983,REALTRACS,2051504,N,Y,36.179006,-86.809093
MLS Listing,,Condo/Co-op,4200 W End Avenue 301,Nashville,TN,37205,309900,1,1,Nashville,958,,1962,4,323,450,Active,,,http://www.redfin.com/TN/Nashville/4200-W-End-Ave-37205/unit-301/home/108062530,REALTRACS,2051503,N,Y,36.1307617,-86.8376424
MLS Listing,,Condo/Co-op,1900 Richard Jones Rd Apt Unit q3,Nashville,TN,37215,314900,3,2,Nashville,1265,,1967,4,249,428,Active,,,http://www.redfin.com/TN/Nashville/1900-Richard-Jones-Rd-37215/unit-Q3/home/108127066,REALTRACS,2051497,N,Y,36.105393,-86.8069419
MLS Listing,,Condo/Co-op,6666 Brookmont Ter Apt 812,Nashville,TN,37205,449000,3,3,Nashville,1700,,1973,4,264,863,Active,June-23-2019 02:00 PM,June-23-2019 04:00 PM,http://www.redfin.com/TN/Nashville/6666-Brookmont-Ter-37205/unit-812/home/87830539,REALTRACS,2051493,N,Y,36.0848225,-86.8960029
MLS Listing,,Single Family Residential,3544 Country Way Rd,Antioch,TN,37013,166000,3,2,Antioch,1080,12632,1986,5,154,,Active,,,http://www.redfin.com/TN/Antioch/3544-Country-Way-Rd-37013/home/108059702,REALTRACS,2051478,N,Y,36.0744087,-86.5950048
MLS Listing,,Single Family Residential,2129 Branch Oak Trl,Nashville,TN,37214,389000,4,2.5,Nashville,3308,8276,2004,5,118,32,Active,,,http://www.redfin.com/TN/Nashville/2129-Branch-Oak-Trl-37214/home/60801252,REALTRACS,2051477,N,Y,36.1204578,-86.619337
MLS Listing,,Single Family Residential,5170 Hickory Hollow Pkwy 130,Antioch,TN,37013,161900,2,2.5,Antioch,1240,435,2005,5,131,110,Active,,,http://www.redfin.com/TN/Antioch/5170-Hickory-Hollow-Pkwy-37013/unit-130/home/104013449,REALTRACS,2051475,N,Y,36.0519217,-86.6632952
MLS Listing,,Single Family Residential,6220 Morrow Rd,Nashville,TN,37209,280000,3,2,Nashville,1479,7405,2005,5,189,,Active,,,http://www.redfin.com/TN/Nashville/6220-Morrow-Rd-37209/home/60730794,REALTRACS,2051434,N,Y,36.165174,-86.8653767
MLS Listing,,Single Family Residential,307 Matterhorn Dr,Old Hickory,TN,37138,255000,3,1.5,Old Hickory,1988,21344,1972,5,128,,Active,,,http://www.redfin.com/TN/Old-Hickory/307-Matterhorn-Dr-37138/home/60853406,REALTRACS,2050185,N,Y,36.2212091,-86.5838174
MLS Listing,,Single Family Residential,2621 Mountain Dale Ct,Antioch,TN,37013,285000,4,3,Antioch,2244,8712,2002,5,127,33,Active,,,http://www.redfin.com/TN/Antioch/2621-Mountain-Dale-Ct-37013/home/60705788,REALTRACS,2050139,N,Y,36.0472584,-86.6222318
MLS Listing,,Single Family Residential,1850 Wild Oaks Ct,Antioch,TN,37013,275000,3,2.5,Antioch,2024,5662,2011,5,136,37,Active,,,http://www.redfin.com/TN/Antioch/1850-Wild-Oaks-Ct-37013/home/108018994,REALTRACS,2049652,N,Y,36.050024,-86.6434173
MLS Listing,,Single Family Residential,521 Snyder Ave,Nashville,TN,37209,284900,2,1,Nashville,1092,7405,1940,5,261,,Active,,,http://www.redfin.com/TN/Nashville/521-Snyder-Ave-37209/home/108086936,REALTRACS,2048037,N,Y,36.1537404,-86.8609089
MLS Listing,,Townhouse,3880 Priest Lake Dr Apt 10,Nashville,TN,37217,150000,2,1.5,Nashville,1218,,1975,5,123,205,Active,,,http://www.redfin.com/TN/Nashville/3880-Priest-Lake-Dr-37217/unit-10/home/68705955,REALTRACS,2044262,N,Y,36.1034774,-86.6053409
MLS Listing,,Single Family Residential,1113 Holly St,Nashville,TN,37206,895000,3,3,Nashville,4200,9583,1886,5,213,,Active,,,http://www.redfin.com/TN/Nashville/1113-Holly-St-37206/home/108000248,REALTRACS,2051465,N,Y,36.1763031,-86.748819
MLS Listing,,Single Family Residential,2614 Clifton Ave,Nashville,TN,37209,229900,2,1,Nashville,952,6534,1930,5,241,,Active,,,http://www.redfin.com/TN/Nashville/2614-Clifton-Ave-37209/home/108035772,REALTRACS,2051463,N,Y,36.1585893,-86.8161312
MLS Listing,,Single Family Residential,2223C 24th Ave,Nashville,TN,37208,419900,3,3.5,Nashville,1943,,2019,5,216,,Active,,,http://www.redfin.com/TN/Nashville/2223-24th-Ave-N-37208/home/108032811,REALTRACS,2051456,N,Y,36.190103,-86.815618
MLS Listing,,Single Family Residential,1027 Drummond Dr,Nashville,TN,37211,285000,4,2,Nashville,1500,37897,1961,5,190,,Active,,,http://www.redfin.com/TN/Nashville/1027-Drummond-Dr-37211/home/107977691,REALTRACS,2051449,N,Y,36.1067142,-86.7162271
MLS Listing,,Single Family Residential,1800 Beechwood Ave,Nashville,TN,37212,1225000,4,3.5,Nashville,4032,9147,2005,5,304,,Active,,,http://www.redfin.com/TN/Nashville/1800-Beechwood-Ave-37212/home/108048450,REALTRACS,2051443,N,Y,36.1266325,-86.7983764
MLS Listing,,Single Family Residential,7016 Bonnafair Dr,Hermitage,TN,37076,245000,3,2,Hermitage,1600,13939,1968,5,153,,Active,,,http://www.redfin.com/TN/Hermitage/7016-Bonnafair-Dr-37076/home/87819616,REALTRACS,2051442,N,Y,36.2051434,-86.6330748
MLS Listing,,Single Family Residential,622 Elaine Dr,Nashville,TN,37211,329000,5,2,Nashville,2292,10890,1962,5,144,,Active,,,http://www.redfin.com/TN/Nashville/622-Elaine-Dr-37211/home/108055115,REALTRACS,2051440,N,Y,36.083463,-86.7519888
MLS Listing,,Single Family Residential,1399 Peaceful Brook Dr,Antioch,TN,37013,249990,3,2,Antioch,1618,,2019,5,155,37,Active,,,http://www.redfin.com/TN/Antioch/1399-Peaceful-Brook-Dr-37013/home/167095187,REALTRACS,2051438,N,Y,36.0434124,-86.594541
MLS Listing,,Single Family Residential,1027A Battery Ln,Nashville,TN,37220,2258500,6,5.5,Nashville,5647,32670,2018,5,400,950,Active,,,http://www.redfin.com/TN/Nashville/1027-Battery-Ln-37220/home/60893831,REALTRACS,2051436,N,Y,36.0877455,-86.7945893
MLS Listing,,Townhouse,206 Fairmont Ct,Nashville,TN,37203,314900,2,2.5,Nashville,1691,,1985,5,186,150,Active,,,http://www.redfin.com/TN/Nashville/206-Fairmont-Ct-37203/unit-A-6/home/107986074,REALTRACS,2051431,N,Y,36.1414274,-86.8205606
MLS Listing,,Single Family Residential,308 Ocala Ct,Nashville,TN,37211,257900,3,2,Nashville,1798,15681,1973,5,143,,Active,,,http://www.redfin.com/TN/Nashville/308-Ocala-Ct-S-37211/home/108044655,REALTRACS,2051422,N,Y,36.0516434,-86.706804
MLS Listing,,Single Family Residential,1961 Peaceful Brook Dr,Antioch,TN,37013,239990,3,2,Antioch,1343,,2019,5,179,37,Active,,,http://www.redfin.com/TN/Antioch/1961-Peaceful-Brook-Dr-37013/home/167095020,REALTRACS,2051419,N,Y,36.043547,-86.5950504
MLS Listing,,Single Family Residential,4048 Yoest Dr,Nashville,TN,37207,259900,4,2.5,Nashville,1984,45302,1962,5,131,,Active,,,http://www.redfin.com/TN/Nashville/4048-Yoest-Dr-37207/home/108030131,REALTRACS,2051418,N,Y,36.2762241,-86.7558377
MLS Listing,,Single Family Residential,1216 Cleves St,Old Hickory,TN,37138,308888,3,2,Old Hickory,1735,9147,1953,5,178,,Active,,,http://www.redfin.com/TN/Old-Hickory/1216-Cleves-St-37138/home/60800349,REALTRACS,2051023,N,Y,36.2576552,-86.6467227
MLS Listing,,Single Family Residential,535 Garfield St,Nashville,TN,37208,459900,3,2.5,Nashville,1566,2178,2014,5,294,140,Active,,,http://www.redfin.com/TN/Nashville/535-Garfield-St-37208/unit-8/home/87811685,REALTRACS,2051390,N,Y,36.1812592,-86.794309
MLS Listing,,Single Family Residential,121 Gaile Dr,Old Hickory,TN,37138,255000,3,1.5,Old Hickory,1896,27878,1968,5,134,,Active,,,http://www.redfin.com/TN/Lakewood/121-Gayle-Dr-37138/home/60698747,REALTRACS,2051388,N,Y,36.2346155,-86.6368629
MLS Listing,,Townhouse,1919 Eastland Ave,Nashville,TN,37206,420000,3,3,Nashville,1450,,2005,5,290,175,Active,,,http://www.redfin.com/TN/Nashville/1919-Eastland-Ave-37206/unit-5/home/108044878,REALTRACS,2051386,N,Y,36.182681,-86.734809
MLS Listing,,Single Family Residential,2204 Sandra Dr,Nashville,TN,37210,299000,3,2,Nashville,2098,11325,1951,5,143,,Active,,,http://www.redfin.com/TN/Nashville/2204-Sandra-Dr-37210/home/87812728,REALTRACS,2051378,N,Y,36.1212855,-86.7343881
MLS Listing,,Single Family Residential,8411 Old Charlotte Pike,Pegram,TN,37143,349000,4,3,Pegram,2957,130680,1978,5,118,,Active,,,http://www.redfin.com/TN/Pegram/8411-Old-Charlotte-Pike-37143/home/163360755,REALTRACS,2051368,N,Y,36.1194718,-86.9912195
MLS Listing,,Vacant Land,3945 Lloyd Rd,Nashville,TN,37218,125000,,,Nashville,,32234,,5,,,Active,,,http://www.redfin.com/TN/Nashville/3945-Lloyd-RD-37218/home/167094670,REALTRACS,2051366,N,Y,36.25298296,-86.83834586
MLS Listing,,Single Family Residential,607 Snyder Ave,Nashville,TN,37209,449900,3,2.5,Nashville,2040,,2019,5,221,2,Active,,,http://www.redfin.com/TN/Nashville/607-Snyder-Ave-37209/home/148402027,REALTRACS,2051121,N,Y,36.1548805,-86.8603599
MLS Listing,,Single Family Residential,1411 Stainback Ave,Nashville,TN,37207,279900,3,1,Nashville,910,,1942,5,308,,Active,,,http://www.redfin.com/TN/Nashville/1411-Stainback-Ave-37207/home/75126206,REALTRACS,2051353,N,Y,36.197606,-86.7637715
MLS Listing,,Single Family Residential,4108 Pineorchard Pl,Antioch,TN,37013,275000,4,2.5,Antioch,2104,6969,2002,5,131,35,Active,,,http://www.redfin.com/TN/Antioch/4108-Pineorchard-Pl-37013/home/108103954,REALTRACS,2051340,N,Y,36.0476171,-86.6167892
MLS Listing,,Condo/Co-op,2412 Nashboro Blvd,Nashville,TN,37217,200000,3,2.5,Nashville,1488,,2004,5,134,90,Active,June-23-2019 02:00 PM,June-23-2019 04:00 PM,http://www.redfin.com/TN/Nashville/2412-Nashboro-Blvd-37217/unit-207/home/108105116,REALTRACS,2051337,N,Y,36.0922855,-86.6331964
MLS Listing,,Single Family Residential,5801 Leslie Ave,Nashville,TN,37209,449900,3,2.5,Nashville,2040,11761,2019,5,221,2,Active,,,http://www.redfin.com/TN/Nashville/5801-Leslie-Ave-37209/home/60785266,REALTRACS,2051120,N,Y,36.1554951,-86.8599291
MLS Listing,,Single Family Residential,801 Drummond Dr,Nashville,TN,37211,217400,3,1,Nashville,1450,24393,1953,5,150,,Active,,,http://www.redfin.com/TN/Nashville/801-Drummond-Dr-37211/home/108114765,REALTRACS,2051327,N,Y,36.1119122,-86.7137051
MLS Listing,,Single Family Residential,4856 Torbay Dr,Nashville,TN,37211,199900,3,1,Nashville,1575,50965,1960,5,127,,Active,,,http://www.redfin.com/TN/Nashville/4856-Torbay-Dr-37211/home/108040063,REALTRACS,2051322,N,Y,36.0741297,-86.712968
MLS Listing,,Multi-Family (5+ Unit),321 Larkin Springs Rd,Madison,TN,37115,1600000,,348,Madison,99999,,2019,5,16,,Active,,,http://www.redfin.com/TN/Nashville/321-Larkin-Springs-Rd-37115/home/145603143,REALTRACS,2051320,N,Y,36.2571174,-86.6840814
MLS Listing,,Condo/Co-op,231 5Th Ave Apt 304,Nashville,TN,37219,420000,2,2,Nashville,977,,1900,5,430,249,Active,,,http://www.redfin.com/TN/Nashville/231-5th-Ave-N-37219/unit-304/home/60660553,REALTRACS,2051312,N,Y,36.1638598,-86.7811838
MLS Listing,,Single Family Residential,6727 Duquaine Ct,Nashville,TN,37205,3280000,6,6,Nashville,11795,477853,2002,5,278,,Active,,,http://www.redfin.com/TN/Nashville/6727-Duquaine-Ct-37205/home/107990725,REALTRACS,2051308,N,Y,36.10928,-86.903387
MLS Listing,,Single Family Residential,1332 Tree House Dr,Antioch,TN,37013,264990,3,2.5,Antioch,1561,,2019,5,170,35,Active,,,http://www.redfin.com/TN/Nashville/1332-Tree-House-DR-37013/home/167094270,REALTRACS,2051302,N,Y,36.04545271,-86.59566506
MLS Listing,,Single Family Residential,727 Robert Burns Dr,Nashville,TN,37217,329900,3,2,Nashville,2132,16988,1960,5,155,,Active,,,http://www.redfin.com/TN/Nashville/727-Robert-Burns-Dr-37217/home/69054324,REALTRACS,2051287,N,Y,36.1191179,-86.7061478
MLS Listing,,Single Family Residential,55 Timberline Dr,Nashville,TN,37211,774900,6,4.5,Nashville,4060,19166,2007,5,191,46,Active,,,http://www.redfin.com/TN/Nashville/55-Timberline-Dr-37221/home/60853109,REALTRACS,2051276,N,Y,36.034628,-86.957048
MLS Listing,,Single Family Residential,3773 Pin Hook Rd,Antioch,TN,37013,274990,3,2.5,Antioch,1864,5837,2019,5,148,35,Active,,,http://www.redfin.com/TN/Antioch/3773-Pin-Hook-Rd-37013/home/148399780,REALTRACS,2051265,N,Y,36.0478545,-86.5939803
MLS Listing,,Single Family Residential,1007 Paris Ave,Nashville,TN,37204,875000,3,2.5,Nashville,2329,7405,1930,5,376,,Active,,,http://www.redfin.com/TN/Nashville/1007-Paris-Ave-37204/home/68856644,REALTRACS,2051259,N,Y,36.1211939,-86.7872901
MLS Listing,,Single Family Residential,4855 Concord Dr,Hermitage,TN,37076,259900,3,2.5,Hermitage,2858,16988,1976,5,91,,Active,,,http://www.redfin.com/TN/Hermitage/4855-Concord-Dr-37076/home/108078637,REALTRACS,2051241,N,Y,36.2068645,-86.5931578
MLS Listing,,Single Family Residential,219 Wauford Dr,Nashville,TN,37211,399000,4,2,Nashville,1991,12632,1961,5,200,,Active,,,http://www.redfin.com/TN/Nashville/219-Wauford-Dr-37211/home/68842530,REALTRACS,2051237,N,Y,36.0750929,-86.7405354
MLS Listing,,Single Family Residential,101 Cheekwood Ter,Nashville,TN,37205,899000,2,2,Nashville,1666,50965,1963,5,540,,Active,,,http://www.redfin.com/TN/Nashville/101-Cheekwood-Ter-37205/home/108061537,REALTRACS,2051225,N,Y,36.087705,-86.880791
MLS Listing,,Condo/Co-op,1920 Adelicia St #501,Nashville,TN,37212,382500,1,1,Nashville,688,,2007,5,556,365,Active,,,http://www.redfin.com/TN/Nashville/1920-Adelicia-St-37212/unit-501/home/60664718,REALTRACS,2051206,N,Y,36.1484135,-86.7975752
MLS Listing,,Condo/Co-op,1711 18Th Ave Apt C2,Nashville,TN,37212,250000,1,1,Nashville,740,,1921,5,338,250,Active,,,http://www.redfin.com/TN/Nashville/1711-18th-Ave-S-37212/unit-C2/home/67285017,REALTRACS,2051202,N,Y,36.1369105,-86.797501
MLS Listing,,Single Family Residential,551 Huntington Pkwy,Nashville,TN,37211,285000,3,2,Nashville,2174,11761,1972,5,131,,Active,,,http://www.redfin.com/TN/Nashville/551-Huntington-Pkwy-37211/home/87828142,REALTRACS,2051201,N,Y,36.0465967,-86.7256341
MLS Listing,,Single Family Residential,413 Caledonian Ct,Nashville,TN,37211,574900,4,3.5,Nashville,3828,10018,2007,5,150,30,Active,,,http://www.redfin.com/TN/Nashville/413-Caledonian-Ct-37211/home/60756652,REALTRACS,2051198,N,Y,36.0251728,-86.7261749
MLS Listing,,Single Family Residential,1116 Westchester Dr,Nashville,TN,37207,195000,5,2,Nashville,1572,28314,1957,5,124,,Active,,,http://www.redfin.com/TN/Nashville/1116-Westchester-Dr-37207/home/107993424,REALTRACS,2051186,N,Y,36.2637148,-86.7595148
MLS Listing,,Single Family Residential,1016 Richland Creek Aly,Nashville,TN,37209,519900,4,4,Nashville,2705,,2019,5,192,,Active,,,http://www.redfin.com/TN/NASHVILLE/1016-RICHLAND-CREEK-ALY-37209/home/148400822,REALTRACS,2051167,N,Y,36.14694806,-86.85566711
MLS Listing,,Single Family Residential,6001 HAWKDALE Dr,Nashville,TN,37211,289900,3,2,Nashville,1403,34848,1973,5,207,,Active,,,http://www.redfin.com/TN/Nashville/6001-Hawkdale-Dr-37211/home/87824467,REALTRACS,2051162,N,Y,36.029461,-86.714893
MLS Listing,,Single Family Residential,6559 Brownlee Dr,Nashville,TN,37205,599000,3,2.5,Nashville,2710,77972,1962,5,221,,Active,,,http://www.redfin.com/TN/Nashville/6559-Brownlee-Dr-37205/home/68861005,REALTRACS,2051150,N,Y,36.1140663,-86.9054206
MLS Listing,,Single Family Residential,7440 Kreitner Dr,Nashville,TN,37221,367500,3,2.5,Nashville,2599,6534,2001,5,141,25,Active,,,http://www.redfin.com/TN/Nashville/7440-Kreitner-Dr-37221/home/108012910,REALTRACS,2051147,N,Y,36.0490808,-86.9579165
MLS Listing,,Single Family Residential,1 Heights Blvd,Brentwood,TN,37027,1657950,5,4.5,Brentwood,4895,43560,2019,5,339,300,Active,,,http://www.redfin.com/TN/Brentwood/1-Heights-BLVD-37027/home/160940367,REALTRACS,2051142,N,Y,36.0355778,-86.78362242
MLS Listing,,Single Family Residential,558 Huntington Pkwy,Nashville,TN,37211,279900,3,2,Nashville,1274,16988,1972,5,220,,Active,,,http://www.redfin.com/TN/Nashville/558-Huntington-Pkwy-37211/home/82003838,REALTRACS,2051126,N,Y,36.0471582,-86.726057
MLS Listing,,Condo/Co-op,939 Patio Dr,Nashville,TN,37214,139900,1,1,Nashville,913,,1983,5,153,85,Active,,,http://www.redfin.com/TN/Nashville/939-Patio-Dr-37214/unit-37/home/108061318,REALTRACS,2051124,N,Y,36.144105,-86.641147
MLS Listing,,Townhouse,515 Lakebrink Ct,Nashville,TN,37214,179900,2,2.5,Nashville,1276,,1998,5,141,100,Active,,,http://www.redfin.com/TN/Nashville/515-Lakebrink-Ct-37214/home/63127099,REALTRACS,2051118,N,Y,36.1511774,-86.6335436
MLS Listing,,Single Family Residential,8158 Old Springfield Park,Goodlettsville,TN,37072,399000,3,2,Goodlettsville,2694,100623,1983,5,148,,Active,,,http://www.redfin.com/TN/Goodlettsville/8158-Old-Springfield-Pike-37072/home/60854532,REALTRACS,2051112,N,Y,36.362951,-86.7358689
MLS Listing,,Townhouse,641 Old Hickory Blvd Unit 37,Brentwood,TN,37027,415000,3,2.5,Brentwood,2665,,1997,5,156,265,Active,,,http://www.redfin.com/TN/Brentwood/641-Old-Hickory-Blvd-37027/unit-37/home/108042827,REALTRACS,2051110,N,Y,36.0381811,-86.7642222
MLS Listing,,Single Family Residential,1301 Clarke St,Old Hickory,TN,37138,339900,3,2,Old Hickory,1892,4791,1920,5,180,,Active,,,http://www.redfin.com/TN/Old-Hickory/1301-Clarke-St-37138/home/77280710,REALTRACS,2051107,N,Y,36.2573487,-86.6449807
MLS Listing,,Single Family Residential,106 Gibson Dr,Madison,TN,37115,249900,3,2,Madison,1236,13068,1945,5,202,,Active,,,http://www.redfin.com/TN/Madison/106-Gibson-Dr-37115/home/108030680,REALTRACS,2051106,N,Y,36.2622161,-86.7183141
MLS Listing,,Single Family Residential,923E Delmas Ave Unit,Nashville,TN,37216,394500,3,2.5,Nashville,1981,,2019,5,199,,Active,,,http://www.redfin.com/TN/Nashville/923-Delmas-Ave-37216/unit-E/home/167092268,REALTRACS,2051101,N,Y,36.200897,-86.745283
MLS Listing,,Single Family Residential,1049A Horseshoe Dr,Nashville,TN,37216,414000,4,3,Nashville,1880,6098,2019,5,220,,Active,,,http://www.redfin.com/TN/Nashville/1049-Horseshoe-Dr-37216/home/148399272,REALTRACS,2051100,N,Y,36.2194252,-86.734108
MLS Listing,,Single Family Residential,916 Marengo Ln,Nashville,TN,37204,1400000,5,4,Nashville,4163,13939,2019,5,336,,Active,,,http://www.redfin.com/TN/Nashville/916-Marengo-Ln-37204/home/87816134,REALTRACS,2051094,N,Y,36.113048,-86.7827356
MLS Listing,,Single Family Residential,315 Fann Rd,Nolensville,TN,37135,720000,4,3.5,Nolensville,3418,217800,1987,5,211,,Active,,,http://www.redfin.com/TN/Nolensville/315-Fann-Rd-37135/home/105538013,REALTRACS,2051089,N,Y,35.984889,-86.6549295
MLS Listing,,Single Family Residential,3516 Rainwood Dr,Nashville,TN,37207,182900,3,2,Nashville,1233,6969,2003,5,148,,Active,,,http://www.redfin.com/TN/Nashville/3516-Rainwood-Dr-37207/home/60785185,REALTRACS,2051086,N,Y,36.2437151,-86.7775928
MLS Listing,,Townhouse,8238 Lenox Creekside Dr,Antioch,TN,37013,239000,2,2.5,Antioch,1536,,2007,5,156,130,Active,,,http://www.redfin.com/TN/Antioch/8238-Lenox-Creekside-Dr-37013/unit-18/home/108071007,REALTRACS,2051084,N,Y,36.0106777,-86.6975948
MLS Listing,,Single Family Residential,901 Cleves St,Old Hickory,TN,37138,279900,3,1.5,Old Hickory,1320,8276,1928,5,212,,Active,,,http://www.redfin.com/TN/Old-Hickory/901-Cleves-St-37138/home/60857050,REALTRACS,2051076,N,Y,36.2617392,-86.6459789
MLS Listing,,Single Family Residential,5406 Oakmont Cir,Nashville,TN,37209,295000,3,1,Nashville,1135,6969,1954,5,260,,Active,,,http://www.redfin.com/TN/Nashville/5406-Oakmont-Cir-37209/home/60760509,REALTRACS,2051073,N,Y,36.1402423,-86.8505218
MLS Listing,,Single Family Residential,711 Moormans Arm Rd,Nashville,TN,37207,164900,3,2,Nashville,1456,20908,2003,5,113,,Active,,,http://www.redfin.com/TN/Nashville/711-Moormans-Arm-Rd-37207/home/60717215,REALTRACS,2051061,N,Y,36.2163216,-86.8110306
MLS Listing,,Single Family Residential,1404 Rugosa Ct,Antioch,TN,37013,275000,3,2.5,Antioch,1968,10890,1995,5,140,27,Active,,,http://www.redfin.com/TN/Antioch/1404-Rugosa-Ct-37013/home/108015559,REALTRACS,2051053,N,Y,36.0728198,-86.5936072
MLS Listing,,Single Family Residential,174 Lightwood Dr,Antioch,TN,37013,329900,3,2.5,Antioch,2020,6969,2018,6,163,35,Active,,,http://www.redfin.com/TN/Nashville/Unknown-37013/home/148401758,REALTRACS,2051052,N,Y,36.02709524,-86.66349717
MLS Listing,,Single Family Residential,308 Wheeler Ave,Nashville,TN,37211,399700,3,2.5,Nashville,1844,12632,2016,6,217,,Active,,,http://www.redfin.com/TN/Nashville/308-Wheeler-Ave-37211/home/68778403,REALTRACS,2051048,N,Y,36.0959354,-86.7363528
MLS Listing,,Single Family Residential,6116 Pennsylvania Ave,Nashville,TN,37209,459000,3,2.5,Nashville,2306,871,2015,6,199,,Active,,,http://www.redfin.com/TN/Nashville/6116-Pennsylvania-Ave-37209/home/101643697,REALTRACS,2051044,N,Y,36.1659113,-86.8623688
MLS Listing,,Vacant Land,4349 Clarksville Pike,Nashville,TN,37218,290000,,,Nashville,,721789,,6,,,Active,,,http://www.redfin.com/TN/Nashville/4349-Clarksville-Pike-37218/home/60891097,REALTRACS,2049511,N,Y,36.23267,-86.835119
MLS Listing,,Single Family Residential,925 Denson Ave,Madison,TN,37115,196000,3,2,Madison,1096,6969,1953,6,179,,Active,,,http://www.redfin.com/TN/Madison/925-Denson-Ave-37115/home/107977681,REALTRACS,2051005,N,Y,36.2497581,-86.7077795
MLS Listing,,Single Family Residential,1050b Zophi St,Nashville,TN,37206,449000,4,3.5,Nashville,2405,1306,2019,6,187,,Active,,,http://www.redfin.com/TN/Nashville/1050-Zophi-St-37216/home/108119625,REALTRACS,2051004,N,Y,36.204675,-86.741822
MLS Listing,,Townhouse,7333 Althorp Way,Nashville,TN,37211,289900,3,3.5,Nashville,2280,,2002,6,127,118,Active,,,http://www.redfin.com/TN/Nashville/7333-Althorp-Way-37211/home/108135624,REALTRACS,2050941,N,Y,36.024894,-86.7108943
MLS Listing,,Condo/Co-op,1260 Martin St Apt 411,Nashville,TN,37203,365000,2,2,Nashville,1125,,2017,6,324,181,Active,,,http://www.redfin.com/TN/Nashville/1260-Martin-St-37203/unit-411/home/112485368,REALTRACS,2050818,N,Y,36.1401007,-86.7693235
MLS Listing,,Condo/Co-op,"110 N 31St Ave Apt, N #603",Nashville,TN,37203,755000,2,2,Nashville,1950,,2009,6,387,609,Active,,,http://www.redfin.com/TN/Nashville/110-31st-Ave-N-37203/unit-603/home/102073845,REALTRACS,2050797,N,Y,36.1436423,-86.8154766
MLS Listing,,Condo/Co-op,6666 Brookmont Ter Apt 605,Nashville,TN,37205,235900,2,2,Nashville,1321,,1973,6,179,781,Active,,,http://www.redfin.com/TN/Nashville/6666-Brookmont-Ter-37205/unit-605/home/108135718,REALTRACS,2050701,N,Y,36.0851141,-86.896169
MLS Listing,,Single Family Residential,1641 Bridgecrest Dr,Antioch,TN,37013,269900,3,2.5,Antioch,2067,6534,2003,6,131,15,Active,,,http://www.redfin.com/TN/Antioch/1641-Bridgecrest-Dr-37013/home/108018413,REALTRACS,2050590,N,Y,36.0670577,-86.6519058
MLS Listing,,Single Family Residential,211 Geyser St,Nashville,TN,37210,250000,3,1,Nashville,1131,6098,1956,6,221,,Active,,,http://www.redfin.com/TN/Nashville/211-Geyser-St-37210/home/108002699,REALTRACS,2050587,N,Y,36.1392151,-86.7561536
MLS Listing,,Single Family Residential,412 Haywood Ct,Nashville,TN,37211,315000,3,2,Nashville,2150,13939,1998,6,147,,Active,,,http://www.redfin.com/TN/Nashville/412-Haywood-Ct-N-37211/home/108056634,REALTRACS,2050269,N,Y,36.0693409,-86.7085256
MLS Listing,,Single Family Residential,1311 Stratford Ave,Nashville,TN,37216,499999,4,2,Nashville,2307,15681,1935,6,217,,Active,,,http://www.redfin.com/TN/Nashville/1311-Stratford-Ave-37216/home/108076709,REALTRACS,2045794,N,Y,36.2138365,-86.7235393
MLS Listing,,Single Family Residential,6219 Harding Pike,Nashville,TN,37205,750000,4,3,Nashville,3631,87120,1968,6,207,,Active,,,http://www.redfin.com/TN/Nashville/6219-Harding-Pike-37205/home/108090244,REALTRACS,2050953,N,Y,36.0951711,-86.8785031
MLS Listing,,Single Family Residential,5307A Tennessee Ave,Nashville,TN,37209,439900,3,2.5,Nashville,2127,871,2016,6,207,,Active,,,http://www.redfin.com/TN/Nashville/5307A-Tennessee-Ave-37209/home/167091263,REALTRACS,2051036,N,Y,36.1605641,-86.8523152
MLS Listing,,Townhouse,1101 Lilly Valley Way,Nashville,TN,37221,304900,2,2.5,Nashville,1216,,2018,6,251,100,Active,June-23-2019 02:00 PM,June-23-2019 04:00 PM,http://www.redfin.com/TN/Nashville/1101-Lilly-Valley-Way-37209/home/143579280,REALTRACS,2051029,N,Y,36.1261,-86.908378
MLS Listing,,Single Family Residential,2 Goldstone Ct,Nashville,TN,37215,2178000,4,5.5,Nashville,7314,105415,1998,6,298,,Active,,,http://www.redfin.com/TN/Forest-Hills/2-Goldstone-Ct-37215/home/167091210,REALTRACS,2051027,N,Y,36.0510219,-86.8555802
MLS Listing,,Single Family Residential,3901 Ivy Dr,Nashville,TN,37216,1999900,5,4,Nashville,3670,394218,1956,6,545,,Active,,,http://www.redfin.com/TN/Nashville/3901-Ivy-Dr-37216/home/108040209,REALTRACS,2051025,N,Y,36.2078803,-86.7044377
MLS Listing,,Single Family Residential,602A 45Th Ave,Nashville,TN,37203,499000,3,3,Nashville,2279,5227,2019,6,219,,Active,,,http://www.redfin.com/TN/Nashville/602-45th-Ave-N-37209/home/167091124,REALTRACS,2051017,N,Y,36.154864,-86.840743
MLS Listing,,Single Family Residential,600B 45th Ave,Nashville,TN,37203,499000,3,3,Nashville,2279,5227,2019,6,219,,Active,,,http://www.redfin.com/TN/Nashville/600-45th-Ave-N-37209/home/107985638,REALTRACS,2051015,N,Y,36.1547373,-86.8407206
MLS Listing,,Single Family Residential,530 Sarver Ave,Madison,TN,37115,278900,3,2.5,Madison,2108,,2019,6,132,8,Active,,,http://www.redfin.com/TN/Madison/530-Sarver-Ave-37115/home/167090999,REALTRACS,2051002,N,Y,36.2746435,-86.7025389
MLS Listing,,Single Family Residential,8928 Lyman Ln,Nashville,TN,37211,325000,3,3,Nashville,1732,7840,2006,6,188,85,Active,,,http://www.redfin.com/TN/Nashville/8928-Lyman-Ln-37211/home/108138317,REALTRACS,2050974,N,Y,36.022638,-86.703539
MLS Listing,,Vacant Land,1025 Hitt Ln,Goodlettsville,TN,37072,59900,,,Goodlettsville,,217800,,6,,,Active,,,http://www.redfin.com/TN/Goodlettsville/1025-Hitt-Ln-37072/home/60884613,REALTRACS,2050970,N,Y,36.317203,-86.743013
MLS Listing,,Townhouse,601 Old Hickory Blvd Unit 59,Brentwood,TN,37027,288500,3,2.5,Brentwood,1470,,2000,6,196,83,Active,,,http://www.redfin.com/TN/Brentwood/601-Old-Hickory-Blvd-37027/unit-59/home/107990731,REALTRACS,2050966,N,Y,36.0385008,-86.7557369
MLS Listing,,Single Family Residential,6240 Vosswood Dr,Nashville,TN,37205,649000,5,3,Nashville,3702,39639,1955,6,175,,Active,,,http://www.redfin.com/TN/Nashville/6240-Vosswood-Dr-37205/home/108010113,REALTRACS,2050963,N,Y,36.11067,-86.887063
MLS Listing,,Single Family Residential,109 Forge Ridge Ct,Nashville,TN,37217,298000,3,2.5,Nashville,2245,6098,2000,6,133,15,Active,,,http://www.redfin.com/TN/Nashville/109-Forge-Ridge-Ct-37217/home/68782803,REALTRACS,2050960,N,Y,36.0945946,-86.6565421
MLS Listing,,Townhouse,1125 Waterburg Ln,Antioch,TN,37013,186899,2,2.5,Antioch,1210,,2019,6,154,87,Active,,,http://www.redfin.com/TN/Nashville/Unknown-37013/home/144500321,REALTRACS,2050946,N,Y,36.04167582,-86.62981172
MLS Listing,,Townhouse,1123 Waterburg Ln,Antioch,TN,37013,181899,2,2.5,Antioch,1210,,2019,6,150,87,Active,,,http://www.redfin.com/TN/Nashville/Unknown-37013/home/144500322,REALTRACS,2050943,N,Y,36.04167697,-86.62981085
MLS Listing,,Townhouse,0 PLAN 1220 Lot 40F,Nashville,TN,37207,202985,3,2,Nashville,1220,,2019,6,166,106,Active,June-19-2019 01:00 PM,June-19-2019 04:00 PM,http://www.redfin.com/TN/Nashville/PLAN-1220-37207/unit-40F/home/167090409,REALTRACS,2050939,N,Y,36.25631354,-86.77333267
MLS Listing,,Single Family Residential,732 Cedar Crest Dr,Nashville,TN,37209,319900,3,2,Nashville,1829,7405,1998,6,175,17,Active,,,http://www.redfin.com/TN/Nashville/732-Cedar-Crest-Dr-37209/home/108092376,REALTRACS,2050935,N,Y,36.1164117,-86.9176807
MLS Listing,,Single Family Residential,1910A Sheridan Rd,Nashville,TN,37206,519750,4,2.5,Nashville,2728,11761,2016,6,191,,Active,,,http://www.redfin.com/TN/Nashville/1910-Sheridan-Rd-37206/home/103937991,REALTRACS,2049336,N,Y,36.1930359,-86.7176573
MLS Listing,,Single Family Residential,317 Starboard Ct,Nashville,TN,37217,259900,3,2.5,Nashville,1792,10018,1987,6,145,,Active,June-23-2019 01:00 PM,June-23-2019 04:00 PM,http://www.redfin.com/TN/Nashville/317-Starboard-Ct-37217/home/108110657,REALTRACS,2050915,N,Y,36.084158,-86.6111636
MLS Listing,,Single Family Residential,2628 Jordan Ridge Dr,Nashville,TN,37218,269916,3,2.5,Nashville,1807,6534,2011,6,149,28,Active,,,http://www.redfin.com/TN/Nashville/2628-Jordan-Ridge-Dr-37218/home/107989237,REALTRACS,2050892,N,Y,36.2236418,-86.8719599
MLS Listing,,Townhouse,1815 Ridley Blvd Unit 10,Nashville,TN,37203,547000,4,4,Nashville,1808,,2015,6,303,159,Active,,,http://www.redfin.com/TN/Nashville/1815-Ridley-Blvd-37203/unit-10/home/64459193,REALTRACS,2050883,N,Y,36.1351569,-86.7771942
MLS Listing,,Single Family Residential,1110 Riverwood Dr,Nashville,TN,37216,725000,3,3,Nashville,3667,15681,1935,6,198,,Active,,,http://www.redfin.com/TN/Nashville/1110-Riverwood-Dr-37216/home/108081802,REALTRACS,2050877,N,Y,36.2234662,-86.7240526
MLS Listing,,Single Family Residential,403 N 16Th St,Nashville,TN,37206,510000,3,2.5,Nashville,1787,7840,1929,6,285,,Active,,,http://www.redfin.com/TN/Nashville/403-N-16th-St-37206/home/68774316,REALTRACS,2050858,N,Y,36.1800443,-86.7411583
MLS Listing,,Condo/Co-op,514 Southgate Ave Lot 31,Nashville,TN,37203,299900,1,1,Nashville,1032,,2018,6,291,227,Active,,,http://www.redfin.com/TN/Nashville/514-Southgate-Ave-37203/unit-31/home/167089836,REALTRACS,2050851,N,Y,36.13611,-86.766756
MLS Listing,,Single Family Residential,4022 Church St,Old Hickory,TN,37138,255000,3,2.5,Old Hickory,1430,,2019,6,178,,Active,,,http://www.redfin.com/TN/Old-Hickory/4022-Church-St-37138/home/167089681,REALTRACS,2050841,N,Y,36.2265679,-86.62787
MLS Listing,,Condo/Co-op,4303 Gallatin Pike #206,Nashville,TN,37216,239900,1,1,Nashville,772,,2017,6,311,120,Active,,,http://www.redfin.com/TN/Nashville/4303-Gallatin-Pike-37216/unit-206/home/167089574,REALTRACS,2050833,N,Y,36.2260319,-86.726028
MLS Listing,,Condo/Co-op,4303 Gallatin Pike #208,Nashville,TN,37216,314900,2,2,Nashville,1228,,2017,6,256,190,Active,,,http://www.redfin.com/TN/Nashville/4303-Gallatin-Pike-37216/unit-208/home/167089485,REALTRACS,2050822,N,Y,36.2260319,-86.726028
MLS Listing,,Single Family Residential,625B James Ave,Nashville,TN,37209,425000,4,3.5,Nashville,2190,,2019,6,194,,Active,,,http://www.redfin.com/TN/Nashville/625-James-Ave-37209/home/87829204,REALTRACS,2050806,N,Y,36.1601051,-86.8757998
MLS Listing,,Single Family Residential,5514B Urbandale Ave,Nashville,TN,37209,425000,3,3,Nashville,2052,,2017,6,207,,Active,,,http://www.redfin.com/TN/Nashville/5514-Urbandale-Ave-37209/home/87813461,REALTRACS,2050794,N,Y,36.1542943,-86.8560608
MLS Listing,,Single Family Residential,3316 Weatherstone Cv,Antioch,TN,37013,254900,3,2,Antioch,1560,10018,2003,6,163,,Active,,,http://www.redfin.com/TN/Antioch/3316-Weatherstone-Cv-E-37013/home/108023063,REALTRACS,2050791,N,Y,36.0484811,-86.5888622
MLS Listing,,Single Family Residential,1753 Hillmont Dr,Nashville,TN,37215,885000,3,2.5,Nashville,3554,1742,2011,6,249,,Active,,,http://www.redfin.com/TN/Nashville/1753-Hillmont-Dr-37215/unit-A/home/108046494,REALTRACS,2050786,N,Y,36.1085352,-86.806113
MLS Listing,,Single Family Residential,3528 Albee Dr,Hermitage,TN,37076,169900,3,1.5,Hermitage,1200,9583,1980,6,142,,Active,,,http://www.redfin.com/TN/Hermitage/3528-Albee-Dr-37076/home/60799550,REALTRACS,2050785,N,Y,36.1806725,-86.6107198
MLS Listing,,Condo/Co-op,8221 Lenox Creekside Dr Unit 4,Antioch,TN,37013,182000,2,1,Antioch,988,,2007,6,184,130,Active,,,http://www.redfin.com/TN/Antioch/8221-Lenox-Creekside-Dr-37013/unit-4/home/108017310,REALTRACS,2050091,N,Y,36.0110769,-86.6982161
MLS Listing,,Single Family Residential,2505 Inga St,Nashville,TN,37206,292900,3,1,Nashville,1124,6969,1940,6,261,,Active,,,http://www.redfin.com/TN/Nashville/2505-Inga-St-37206/home/108034658,REALTRACS,2050757,N,Y,36.1978186,-86.7500739
MLS Listing,,Single Family Residential,4301 Franklin Pike,Nashville,TN,37204,1695000,6,8.5,Nashville,7233,62726,1960,6,234,,Active,,,http://www.redfin.com/TN/Nashville/4301-Franklin-Pike-37204/home/108027528,REALTRACS,2050748,N,Y,36.0937787,-86.7723543
MLS Listing,,Single Family Residential,416 N 16Th St,Nashville,TN,37206,569000,5,2,Nashville,3177,10018,1920,6,179,,Active,,,http://www.redfin.com/TN/Nashville/416-N-16th-St-37206/home/108004064,REALTRACS,2049591,N,Y,36.18091,-86.7416963
MLS Listing,,Vacant Land,609 Creative Way,Madison,TN,37115,2600000,,,Madison,,164656,,6,,,Active,,,http://www.redfin.com/TN/Madison/609-Cheron-Rd-37115/home/148428316,REALTRACS,2050734,N,Y,36.2418593,-86.7409281
MLS Listing,,Single Family Residential,3816 Grant Ridge Ln,Cane Ridge,TN,37013,305000,4,2.5,Cane Ridge,2651,6534,2006,6,115,20,Active,,,http://www.redfin.com/TN/Antioch/3816-Grant-Ridge-Ln-37013/home/108104910,REALTRACS,2050737,N,Y,36.0209854,-86.6725784
MLS Listing,,Single Family Residential,641B James Ave,Nashville,TN,37209,420500,3,3.5,Nashville,1917,,2018,6,219,,Active,,,http://www.redfin.com/TN/Nashville/641B-James-Ave-37209/home/147932536,REALTRACS,2050735,N,Y,36.161793,-86.874974
MLS Listing,,Condo/Co-op,600 12Th Ave Apt 439,Nashville,TN,37203,620000,2,2,Nashville,1323,,2008,6,469,675,Active,,,http://www.redfin.com/TN/Nashville/600-12th-Ave-S-37203/unit-439/home/60657676,REALTRACS,2050725,N,Y,36.1521086,-86.783189
MLS Listing,,Single Family Residential,4002 Graybar Ct,Nashville,TN,37215,1450000,5,5.5,Nashville,5000,8712,2019,6,290,300,Active,,,http://www.redfin.com/TN/Nashville/4002-Graybar-Ct-37215/home/163513211,REALTRACS,2050719,N,Y,36.111315,-86.80702
MLS Listing,,Single Family Residential,624 Andrew Rucker Ln,Nashville,TN,37211,459900,4,2.5,Nashville,3141,10018,1988,6,146,4,Active,,,http://www.redfin.com/TN/Nashville/624-Andrew-Rucker-Ln-37211/home/60869350,REALTRACS,2050712,N,Y,36.040791,-86.7354098
MLS Listing,,Single Family Residential,400 Woodmont Hall Pl,Nashville,TN,37205,850000,4,4.5,Nashville,3425,2178,2014,6,248,50,Active,,,http://www.redfin.com/TN/Nashville/400-Woodmont-Hall-Pl-37205/home/60710825,REALTRACS,2050704,N,Y,36.1169359,-86.8375844
MLS Listing,,Townhouse,809 Spence Enclave Ln,Nashville,TN,37210,255000,3,2.5,Nashville,1623,,2008,6,157,82,Active,,,http://www.redfin.com/TN/Nashville/809-Spence-Enclave-Ln-37210/unit-73/home/108108046,REALTRACS,2050695,N,Y,36.1512052,-86.7188152
MLS Listing,,Single Family Residential,4121 Westlawn Dr,Nashville,TN,37209,899900,4,3,Nashville,2803,7405,2019,6,321,,Active,,,http://www.redfin.com/TN/Nashville/4121-Westlawn-Dr-37209/home/108053154,REALTRACS,2050693,N,Y,36.1389657,-86.837427
MLS Listing,,Single Family Residential,97 FAIRWAY Dr,Nashville,TN,37214,379000,4,2,Nashville,2213,26136,1950,6,171,,Active,,,http://www.redfin.com/TN/Nashville/97-Fairway-Dr-37214/home/108086455,REALTRACS,2050691,N,Y,36.1733813,-86.6816627
MLS Listing,,Single Family Residential,353 Flora Maxwell Rd,Nashville,TN,37211,329900,3,2.5,Nashville,2160,4791,2016,6,153,,Active,,,http://www.redfin.com/TN/Nashville/353-Flora-Maxwell-Rd-37211/home/107978205,REALTRACS,2050678,N,Y,36.0752984,-86.7236467
MLS Listing,,Single Family Residential,1305 Blairfield Dr,Antioch,TN,37013,322500,4,2.5,Antioch,2917,6969,2004,6,111,30,Active,,,http://www.redfin.com/TN/Antioch/1305-Blairfield-Dr-37013/home/107991240,REALTRACS,2050669,N,Y,36.0220082,-86.6569114
MLS Listing,,Single Family Residential,7324 River Park Dr,Nashville,TN,37221,360000,3,3,Nashville,2292,14374,1986,6,157,38,Active,,,http://www.redfin.com/TN/Nashville/7324-River-Park-Dr-37221/home/108098729,REALTRACS,2050668,N,Y,36.0584708,-86.973131
MLS Listing,,Single Family Residential,3426 Hopkins St,Nashville,TN,37215,1195000,4,3.5,Nashville,4409,3049,2017,6,271,,Active,June-23-2019 02:00 PM,June-23-2019 04:00 PM,http://www.redfin.com/TN/Nashville/3426-Hopkins-St-37215/home/105514535,REALTRACS,2050658,N,Y,36.1149315,-86.8056554
MLS Listing,,Single Family Residential,696 Harding Pl,Nashville,TN,37211,339900,4,2.5,Nashville,2250,15681,1963,6,151,,Active,,,http://www.redfin.com/TN/Nashville/696-Harding-Pl-37211/home/108040194,REALTRACS,2050637,N,Y,36.0816335,-86.7533724
MLS Listing,,Townhouse,221 Cheswick Ct,Nashville,TN,37215,369000,2,2.5,Nashville,1954,,1986,6,189,321,Active,,,http://www.redfin.com/TN/Nashville/221-Cheswick-Ct-37215/home/107987075,REALTRACS,2050631,N,Y,36.0928099,-86.8282928
